"platformID","platform","entityID","entity","webLabel","heatmapLabel","tier1and2entity","tier1and2entityID","website","easeDiscover","methodDiscover","easeAccess","methodAccess","LinktoSource","fileFormat","metadata","metadataFormat","dataDefinitions","metaAttributes","metadataStandards","timeliness","lengthAvailable","group","count","inventory","scoreEaseDiscover","scoreMethodDiscover","scoreEaseAccess","scoreMethodAccess","scoreFileFormat","scoreMetadataFormat","scoreDataDefinitions","scoreMetaAttributes","scoreMetadataStandards","scoreTimeliness","scoreLengthAvailable","discoverTotal","accessTotal","usableTotal","scoreTotal"
"p31","Water Rates Survey","n25","Water and Public Infrastructure Financing","ACA","ACA: Water Rates Survey","Commerce Authority","4","https://azwifa.gov/","low","website","yes","link to source","Direct","unknown","no","no","no","no","no","varies","period of record","hub",5,"az",33.33,50,100,40,0,0,0,0,0,25,100,40,62.5,21.74,33.33
"p33","Water Loss Control","n25","Water and Public Infrastructure Financing","ACA","ACA: Water Loss Control","Commerce Authority","4","https://azwifa.gov/resources/water-loss-control","low","website","yes","individual export","Not Applicable","pdf","yes","in data","yes","administrative","no","varies","current only","hub",5,"az",33.33,50,100,40,20,33.33,100,33.33,0,25,50,40,62.5,34.78,41.67
"p01","GIS Database","n02","Department of Water Resources","ADWR","ADWR: GIS Database","Department of Water Resources","2","https://gisdata2016-11-18t150447874z-azwater.opendata.arcgis.com/","medium","catalog","yes","full export; web services","Not Applicable","excel; kml; shapefile; geojson","yes","html","yes","administrative; descriptive; structural","yes","varies","varies","hub",5,"az",66.67,100,100,80,100,100,100,100,100,25,25,80,87.5,73.91,77.78
"p02","Management Plans","n03","Active Management Areas","ADWR","ADWR: Management Plans","Department of Water Resources","2","https://new.azwater.gov/ama","low","website","yes","individual export","Not Applicable","pdf","yes","in data","yes","descriptive","no","yearly or higher","period of record","hub",5,"az",33.33,50,100,40,20,33.33,100,33.33,0,50,100,40,62.5,47.83,50
"p03","AMA Data","n03","Active Management Areas","ADWR","ADWR: AMA Data","Department of Water Resources","2","http://www.azwater.gov/querycenter/query.aspx?qrysessionid=8CF17C8B1CB88E14E0534C64850A39FA","high","catalog","yes","batch export; full export","Not Applicable","csv; excel; word","no","no","no","no","no","daily or higher","period of record","hub",5,"az",100,100,100,60,100,0,0,0,0,100,100,100,75,56.52,66.67
"p04","AMA Queries and Reports","n03","Active Management Areas","ADWR","ADWR: AMA Queries and Reports","Department of Water Resources","2","http://infoshare.azwater.gov/docushare/dsweb/View/Collection-72","medium","catalog; website","yes","full export; individual export; link to source","Direct","pdf; excel; csv","yes","html","some","descriptive","no","daily or higher","period of record","hub",5,"az",66.67,75,100,40,100,100,50,33.33,0,100,100,70,62.5,78.26,73.61
"p05","Grandfathered Groundwater Rights Web Map","n03","Active Management Areas","ADWR","ADWR: Grandfathered Groundwater Rights Web Map","Department of Water Resources","2","https://gisweb3.azwater.gov/igfr","high","map","yes","copy and paste","Direct","html","no","no","no","no","no","varies","period of record","hub",5,"az",100,100,100,20,100,0,0,0,0,25,100,100,50,43.48,52.78
"p06","Annual Supply and Demand Dashboard","n03","Active Management Areas","ADWR","ADWR: Annual Supply and Demand Dashboard","Department of Water Resources","2","https://new.azwater.gov/ama/ama-data","medium","website","yes","individual export; link to source","Direct","excel; csv","no","no","yes","no","no","monthly or higher","period of record","hub",5,"az",66.67,50,100,30,100,0,100,0,0,75,100,60,56.25,60.87,59.72
"p07","Conservation Grants","n04","Water Management Assistance Program","ADWR","ADWR: Conservation Grants","Department of Water Resources","2","https://new.azwater.gov/ama/wmap","medium","website","yes","individual export","Not Applicable","pdf","yes","in data","no","descriptive","no","unknown","limited record","hub",5,"az",66.67,50,100,40,20,33.33,0,33.33,0,0,75,60,62.5,26.09,38.89
"p08","Adjudications","n05","Stream Adjudication","ADWR","ADWR: Adjudications","Department of Water Resources","2","https://new.azwater.gov/adjudications","high","website","yes","full export","Not Applicable","pdf","yes","pdf","yes","no","no","monthly or higher","varies","hub",5,"az",100,50,100,60,20,33.33,100,0,0,75,25,80,75,34.78,50
"p09","AAWS Interactive Map","n06","Assured and Adequate Water Supply","ADWR","ADWR: AAWS Interactive Map","Department of Water Resources","2","https://gisweb3.azwater.gov/aaws","medium","map","yes","full export; individual export","Not Applicable","excel","no","no","no","no","no","varies","period of record","hub",5,"az",66.67,100,100,50,60,0,0,0,0,25,100,80,68.75,34.78,48.61
"p10","Groundwater Site Inventory","n06","Assured and Adequate Water Supply","ADWR","ADWR: Groundwater Site Inventory","Department of Water Resources","2","https://gisweb3.azwater.gov/gwsi","medium","map","yes","individual export; full export; batch export; link to source","Direct","excel","yes","html","no","descriptive; structural","no","daily or higher","period of record","hub",5,"az",66.67,100,100,45,60,100,0,66.67,0,100,100,80,65.62,69.57,70.14
"p11","ADWR Data Downloads","n02","Department of Water Resources","ADWR","ADWR: ADWR Data Downloads","Department of Water Resources","2","https://new.azwater.gov/gis","medium","website","yes","full export","Not Applicable","zip; shapefile; excel; csv; pdf","yes","html","no","descriptive; administrative","no","yearly or higher","period of record","hub",5,"az",66.67,50,100,60,100,100,0,66.67,0,50,100,60,75,69.57,69.44
"p12","Colorado River Current Conditions Dashboard","n07","Colorado River Management","ADWR","ADWR: Colorado River Current Conditions Dashboard","Department of Water Resources","2","https://new.azwater.gov/crm/dashboard","medium","website","no","none","Not Applicable","jpg","yes","in data","no","descriptive","no","weekly or higher","current only","hub",5,"az",66.67,50,0,0,20,33.33,0,33.33,0,75,50,60,0,34.78,30.56
"p13","Operations and Planning","n07","Colorado River Management","ADWR","ADWR: Operations and Planning","Department of Water Resources","2","https://new.azwater.gov/crm/operations-planning","low","website","yes","link to source","Direct","pdf","yes","in data","no","administrative","no","yearly or higher","period of record","hub",5,"az",33.33,50,100,40,20,33.33,0,33.33,0,50,100,40,62.5,39.13,44.44
"p14","Community Water Systems - Resources","n08","Community Water Systems","ADWR","ADWR: Community Water Systems - Resources","Department of Water Resources","2","https://new.azwater.gov/cws/cws-resources#InteractiveMap","medium","website","yes","link to source; full export","Direct","pdf; excel","yes","in data","no","administrative","no","yearly or higher","period of record","hub",5,"az",66.67,50,100,40,60,33.33,0,33.33,0,50,100,60,62.5,47.83,52.78
"p15","Public Conservation Resources - Water Supply Resources","n09","Conservation","ADWR","ADWR: Public Conservation Resources - Water Supply Resources","Department of Water Resources","2","https://new.azwater.gov/conservation/public-resources","medium","website","yes","link to source; full export","Direct","pdf","yes","in data","no","descriptive","no","yearly or higher","current only","hub",5,"az",66.67,50,100,40,20,33.33,0,33.33,0,50,50,60,62.5,30.43,41.67
"p16","Drought Conditions","n10","Drought","ADWR","ADWR: Drought Conditions","Department of Water Resources","2","https://new.azwater.gov/drought/drought-status","medium","website","yes","individual export","Not Applicable","pdf; jpg","yes","html","no","descriptive","no","weekly or higher","limited record","hub",5,"az",66.67,50,100,40,20,100,0,33.33,0,75,75,60,62.5,47.83,52.78
"p17","Preparedness Annual Reports","n10","Drought","ADWR","ADWR: Preparedness Annual Reports","Department of Water Resources","2","https://new.azwater.gov/drought/arizona-drought-preparedness-plan-annual-reports","low","website","yes","none","Not Applicable","pdf","yes","in data","no","descriptive; administrative","no","yearly or higher","limited record","hub",5,"az",33.33,50,100,0,20,33.33,0,66.67,0,50,75,40,37.5,39.13,38.89
"p18","Drought Dashboard","n10","Drought","ADWR","ADWR: Drought Dashboard","Department of Water Resources","2","https://new.azwater.gov/drought/drought-dashboard","medium","website","yes","full export","Not Applicable","excel","yes","html","yes","descriptive; administrative","no","monthly or higher","period of record","hub",5,"az",66.67,50,100,60,60,100,100,66.67,0,75,100,60,75,73.91,72.22
"p20","Developed Groundwater Models","n14","Hydrology Division","ADWR","ADWR: Developed Groundwater Models","Department of Water Resources","2","https://new.azwater.gov/hydrology/groundwater-modeling/adwr-models","medium","website","training required","full export; individual export","Not Applicable","pdf; geodatabase; dat; zip","yes","broken link","some","descriptive; administrative","no","unknown","period of record","hub",5,"az",66.67,50,33.33,50,100,0,50,66.67,0,0,100,60,43.75,52.17,51.39
"p21","Hydrology eLibrary","n14","Hydrology Division","ADWR","ADWR: Hydrology eLibrary","Department of Water Resources","2","https://new.azwater.gov/hydrology/e-library","medium","website","yes","individual export","Not Applicable","pdf","yes","in data","some","descriptive; administrative","no","unknown","limited record","hub",5,"az",66.67,50,100,40,20,33.33,50,66.67,0,0,75,60,62.5,34.78,44.44
"p22","Recharge Reports","n15","Recharge Program","ADWR","ADWR: Recharge Reports","Department of Water Resources","2","https://new.azwater.gov/recharge","medium","website","yes","individual export","Not Applicable","pdf","no","no","yes","no","no","yearly or higher","current only","hub",5,"az",66.67,50,100,40,20,0,100,0,0,50,50,60,62.5,30.43,41.67
"p23","Documents and Reports","n16","Rural Programs","ADWR","ADWR: Documents and Reports","Department of Water Resources","2","https://new.azwater.gov/rural-programs/docs","low","website","yes","individual export","Not Applicable","pdf","no","no","some","no","no","monthly or higher","current only","hub",5,"az",33.33,50,100,40,20,0,50,0,0,75,50,40,62.5,30.43,38.89
"p25","Queries and Reports","n17","Surface Water","ADWR","ADWR: Queries and Reports","Department of Water Resources","2","https://new.azwater.gov/surface-water/queries","low","catalog; website","yes","batch export; full export","Not Applicable","excel; csv; word","no","no","yes","unknown","no","daily or higher","period of record","hub",5,"az",33.33,75,100,60,100,0,100,0,0,100,100,50,75,65.22,65.28
"p26","Maps and Resources","n18","Permitting and Wells","ADWR","ADWR: Maps and Resources","Department of Water Resources","2","https://new.azwater.gov/permitting-wells/related-map","high","website","yes","full export","Not Applicable","excel","yes","in data","some","descriptive","no","daily or higher","current only","hub",5,"az",100,50,100,60,60,33.33,50,33.33,0,100,50,80,75,52.17,61.11
"p27","Interactive Map","n19","Water Banking Authority","ADWR","ADWR: Interactive Map","Department of Water Resources","2","https://waterbank.az.gov/ltsc-map","high","map; catalog","yes","full export; batch export","Not Applicable","csv","no","no","no","no","no","daily or higher","current only","hub",5,"az",100,100,100,60,100,0,0,0,0,100,50,100,75,47.83,61.11
"p35","Water","n27","Arizona Corporation Commission","AZCC","AZCC: Water","Corporation Commisssion","6","https://www.azcc.gov/utilities/water","low","website","yes","individual export","Not Applicable","pdf","no","no","no","no","no","unknown","limited record","hub",5,"az",33.33,50,100,40,20,0,0,0,0,0,75,40,62.5,17.39,30.56
"p36","Wastewater","n27","Arizona Corporation Commission","AZCC","AZCC: Wastewater","Corporation Commisssion","6","https://www.azcc.gov/utilities/wastewater","low","website","yes","individual export","Not Applicable","pdf","no","no","no","no","no","yearly or higher","limited record","hub",5,"az",33.33,50,100,40,20,0,0,0,0,50,75,40,62.5,26.09,36.11
"p37","Safe Drinking Water Information System Database (SDWIS)","n31","Safe Drinking Water","AZDEQ","AZDEQ: Safe Drinking Water Information System Database (SDWIS)","Department of Environmental Quality","7","https://azsdwis.azdeq.gov/DWW_EXT/","high","catalog","yes","copy and paste","Not Applicable","html","yes","html","no","descriptive","no","yearly or higher","limited record","hub",5,"az",100,100,100,20,100,100,0,33.33,0,50,75,100,50,60.87,63.89
"p38","Arizona Water Quality Map","n32","Arizona Water Watch","AZDEQ","AZDEQ: Arizona Water Quality Map","Department of Environmental Quality","7","http://gisweb.azdeq.gov/arcgis/emaps/?topic=assessed","medium","map; catalog","no","copy and paste; individual export","Not Applicable","html; png","yes","html","no","administrative","no","varies","current only","hub",5,"az",66.67,100,0,30,100,100,0,33.33,0,25,50,80,18.75,52.17,48.61
"p39","Records Center","n29","Department of Environmental Quality","AZDEQ","AZDEQ: Records Center","Department of Environmental Quality","7","https://azdeq.gov/records-center","high","no","no","unknown","Unknown","unknown","no","no","no","no","no","unknown","unknown","hub",5,"az",100,0,0,0,0,0,0,0,0,0,0,60,0,0,8.33
"p40","Publications","n33","Groundwater Protection","AZDEQ","AZDEQ: Publications","Department of Environmental Quality","7","https://azdeq.gov/groundwater-protection","medium","website","yes","individual export","Not Applicable","pdf","yes","in data","some","administrative","no","unknown","unknown","hub",5,"az",66.67,50,100,40,20,33.33,50,33.33,0,0,0,60,62.5,17.39,33.33
"p42","Final Reports","n35","Public Water System","AZDEQ","AZDEQ: Final Reports","Department of Environmental Quality","7","https://azdeq.gov/wq/pws/requirements","medium","website","yes","individual export","Not Applicable","pdf","yes","in data","some","administrative","no","yearly or higher","current only","hub",5,"az",66.67,50,100,40,20,33.33,50,33.33,0,50,50,60,62.5,34.78,44.44
"p43","TMDL Reports","n36","Surface Water Monitoring and Assessment","AZDEQ","AZDEQ: TMDL Reports","Department of Environmental Quality","7","https://azdeq.gov/programs/water-quality-programs/surface-water-monitoring-and-assessment","medium","website","yes","individual export","Not Applicable","pdf","yes","pdf","no","descriptive","no","varies","limited record","hub",5,"az",66.67,50,100,40,20,33.33,0,33.33,0,25,75,60,62.5,30.43,41.67
"p44","TMDL Status and Plans","n37","Watershed Protection","AZDEQ","AZDEQ: TMDL Status and Plans","Department of Environmental Quality","7","https://azdeq.gov/programs/water-quality-programs/watershed-protection","medium","website","yes","individual export","Not Applicable","pdf","yes","in data","no","descriptive","no","varies","limited record","hub",5,"az",66.67,50,100,40,20,33.33,0,33.33,0,25,75,60,62.5,30.43,41.67
"p45","NEMO Plans","n37","Watershed Protection","AZDEQ","AZDEQ: NEMO Plans","Department of Environmental Quality","7","https://azdeq.gov/programs/water-quality-programs/watershed-protection","medium","website","yes","individual export","Not Applicable","pdf","yes","in data","yes","descriptive","no","varies","current only","hub",5,"az",66.67,50,100,40,20,33.33,100,33.33,0,25,50,60,62.5,34.78,44.44
"p46","Megaseach","n30","Water Quality Division","AZDEQ","AZDEQ: Megaseach","Department of Environmental Quality","7","https://megasearch.azdeq.gov/megasearch/","high","catalog","permission required","unknown","Not Applicable","unknown","no","unknown","unknown","unknown","unknown","unknown","unknown","hub",5,"az",100,100,33.33,0,0,0,0,0,0,0,0,100,12.5,0,16.67
"p47","Water Quality Database","n30","Water Quality Division","AZDEQ","AZDEQ: Water Quality Database","Department of Environmental Quality","7","https://waterdata.azdeq.gov/AZWQDB/Pages/Public/","high","catalog","yes","full export","Not Applicable","excel; access","no","no","no","no","no","daily or higher","period of record","hub",5,"az",100,100,100,60,60,0,0,0,0,100,100,100,75,47.83,61.11
"p48","Private Well Data","n42","Environmental Toxicology","AZDHS","AZDHS: Private Well Data","Department of Health Services","9","https://www.azdhs.gov/preparedness/epidemiology-disease-control/environmental-toxicology/well-water/index.php#private-well-data","high","website","yes","copy and paste","Not Applicable","html","yes","in data","yes","descriptive","no","yearly or higher","period of record","hub",5,"az",100,50,100,20,100,33.33,100,33.33,0,50,100,80,50,65.22,63.89
"p28","Annual Reports","n20","Water Protection Fund","AZWPF","AZWPF: Annual Reports","Department of Water Resources","3","https://www.azwpf.gov/documents-and-reports","medium","website","yes","individual export","Not Applicable","pdf","yes","in data","some","administrative","no","yearly or higher","period of record","hub",5,"az",66.67,50,100,40,20,33.33,50,33.33,0,50,100,60,62.5,43.48,50
"p05","Regulated Site Portal","n02","Environmental Protection Agency","CalEPA","CalEPA: Regulated Site Portal","Environmental Protection Agency","2","https://siteportal.calepa.ca.gov/nsite/","medium","map","yes","individual export; batch export","Not Applicable","csv","no","no","no","no","no","irregular","period of record","hub",5,"ca",66.67,100,100,50,100,0,0,0,0,25,100,80,68.75,43.48,54.17
"p20","Water Conservation and Production Reports","n72","Conservation Program","CalEPA-Conservation","CalEPA-Conservation: Water Conservation and Production Reports","Environmental Protection Agency","2","https://www.waterboards.ca.gov/water_issues/programs/conservation_portal/conservation_reporting.html#monthly_archive","low","website","yes","batch export","Not Applicable","excel; pdf","no","no","no","no","no","yearly or higher","limited record","hub",5,"ca",33.33,50,100,60,60,0,0,0,0,50,75,40,75,34.78,44.44
"p10","Drinking Water Watch","n19","Drinking Water Program","CalEPA-Drinking Water","CalEPA-Drinking Water: Drinking Water Watch","Environmental Protection Agency","2","https://sdwis.waterboards.ca.gov/PDWW/","low","website","yes","copy and paste","Not Applicable","html","yes","in data","yes","administrative; descriptive","no","yearly or higher","limited record","hub",5,"ca",33.33,50,100,20,100,33.33,100,66.67,0,50,75,40,50,65.22,58.33
"p11","Drinking Water Information Clearinghouse","n19","Drinking Water Program","CalEPA-Drinking Water","CalEPA-Drinking Water: Drinking Water Information Clearinghouse","Environmental Protection Agency","2","https://drinc.ca.gov/drinc/DWPRepository.aspx","low","website","yes","individual export","Not Applicable","excel; csv; pdf","yes","pdf","yes","administrative","no","unknown","limited record","hub",5,"ca",33.33,50,100,40,100,33.33,100,33.33,0,0,75,40,62.5,52.17,52.78
"p13","Public Water System Service Area Boundary Tool","n19","Drinking Water Program","CalEPA-Drinking Water","CalEPA-Drinking Water: Public Water System Service Area Boundary Tool","Environmental Protection Agency","2","http://cehtp.org/water/","medium","map","registration required","individual export; full export","Not Applicable","kml; csv; shapefile; geojson","yes","pdf","yes","administrative; descriptive","no","irregular","current only","hub",5,"ca",66.67,100,100,50,100,33.33,100,66.67,0,25,50,80,68.75,56.52,62.5
"p07","CalEnviroScreen","n24","Office of Environmental Health Hazard Assessment","CalEPA-Env Health Hazards","CalEPA-Env Health Hazards: CalEnviroScreen","Environmental Protection Agency","2","https://oehha.ca.gov/calenviroscreen/maps-data/download-data","low","website","yes","individual export; web services","Not Applicable","excel; shapefile","yes","xml","yes","administrative; descriptive","some","irregular","current only","hub",5,"ca",33.33,50,100,70,60,100,100,66.67,50,25,50,40,81.25,60.87,62.5
"p02","Surface Water Database (SURF)","n04","Environmental Monitoring Branch","CalEPA-Env Monitoring Branch","CalEPA-Env Monitoring Branch: Surface Water Database (SURF)","Environmental Protection Agency","2","https://www.cdpr.ca.gov/docs/emon/surfwtr/surfcont.htm","low","website","yes","individual export","Not Applicable","csv; kmz; zip","yes","no","no","no","no","yearly or higher","period of record","hub",5,"ca",33.33,50,100,40,100,0,0,0,0,50,100,40,62.5,47.83,50
"p03","Well Inventory Database","n04","Environmental Monitoring Branch","CalEPA-Env Monitoring Branch","CalEPA-Env Monitoring Branch: Well Inventory Database","Environmental Protection Agency","2","https://www.cdpr.ca.gov/docs/emon/grndwtr/well_inventory_database/index.htm","low","website","yes","batch export","Not Applicable","excel","no","no","yes","no","no","irregular","period of record","hub",5,"ca",33.33,50,100,60,60,0,100,0,0,25,100,40,75,43.48,50
"p19","GAMA OnLine Tools","n21","GAMA","CalEPA-GAMA","CalEPA-GAMA: GAMA OnLine Tools","Environmental Protection Agency","2","https://www.waterboards.ca.gov/water_issues/programs/gama/online_tools.html","high","website; catalog; map","yes","individual export; batch export","Not Applicable","excel; kml","yes; no","html","no","descriptive","yes","irregular","period of record","hub",5,"ca",100,83.5,100,50,100,100,0,33.33,100,25,100,93.4,68.75,69.57,72.69
"p09","Stormwater Multiple Application and Report Tracking System","n14","Stormwater Program","CalEPA-Stormwater","CalEPA-Stormwater: Stormwater Multiple Application and Report Tracking System","Environmental Protection Agency","2","https://smarts.waterboards.ca.gov/smarts/faces/SwSmartsLogin.xhtml","low","website","yes","individual export; batch export","Not Applicable","excel; html; txt","no","no","no","no","no","daily or higher","limited record","hub",5,"ca",33.33,50,100,50,100,0,0,0,0,100,75,40,68.75,52.17,54.17
"p04","Integrated Water Quality System Project","n08","State Water Resources Control Board","CalEPA-SWRCB","CalEPA-SWRCB: Integrated Water Quality System Project","Environmental Protection Agency","2","https://www.waterboards.ca.gov/ciwqs/publicreports.html","low","website","yes","individual export; batch export","Not Applicable","csv","yes","html","yes","administrative","no","daily or higher","period of record","hub",5,"ca",33.33,50,100,50,100,100,100,33.33,0,100,100,40,68.75,82.61,73.61
"p14","Data Map Services","n08","State Water Resources Control Board","CalEPA-SWRCB","CalEPA-SWRCB: Data Map Services","Environmental Protection Agency","2","http://gispublic.waterboards.ca.gov/arcgis/rest/services","low","website","yes","web services","Not Applicable","shapefile","yes","html","no","descriptive","yes","unknown","current only","hub",5,"ca",33.33,50,100,100,60,100,0,33.33,100,0,50,40,100,47.83,58.33
"p17","CA Environmental Data Exchange Network","n08","State Water Resources Control Board","CalEPA-SWRCB","CalEPA-SWRCB: CA Environmental Data Exchange Network","Environmental Protection Agency","2","https://ceden.waterboards.ca.gov/AdvancedQueryTool","low","catalog","yes","individual export; web services","Not Applicable","excel; html; txt","no","no","no","no","no","unknown","period of record","hub",5,"ca",33.33,100,100,70,100,0,0,0,0,0,100,60,81.25,39.13,51.39
"p06","EnvirStor","n07","Department of Toxic Substances Control","CalEPA-Toxic Substances","CalEPA-Toxic Substances: EnvirStor","Environmental Protection Agency","2","https://www.envirostor.dtsc.ca.gov/public/","medium","catalog","yes","batch export","Not Applicable","excel; html; txt","no","no","no","no","no","daily or higher","period of record","hub",5,"ca",66.67,100,100,60,100,0,0,0,0,100,100,80,75,56.52,63.89
"p12","Impaired Water Bodies","n16","Water Quality Assessment","CalEPA-Water Quality Assessments","CalEPA-Water Quality Assessments: Impaired Water Bodies","Environmental Protection Agency","2","https://www.waterboards.ca.gov/water_issues/programs/tmdl/integrated2012.shtml","low","website","yes","individual export; web services","Not Applicable","excel; shapefile","no","no","yes","no","no","irregular","limited record","hub",5,"ca",33.33,50,100,70,60,0,100,0,0,25,75,40,81.25,39.13,48.61
"p08","Electronic Water Rights Information Management System (EWRIMS)","n20","Water Rights Programs","CalEPA-Water Rights","CalEPA-Water Rights: Electronic Water Rights Information Management System (EWRIMS)","Environmental Protection Agency","2","https://www.waterboards.ca.gov/waterrights/water_issues/programs/ewrims/index.html#db","low","website","yes","individual export; batch export","Not Applicable","csv; shapefile","yes","xml","yes","administrative; descriptive","no","irregular","limited record","hub",5,"ca",33.33,50,100,50,100,100,100,66.67,0,25,75,40,68.75,69.57,65.28
"p15","Water Transfers Program","n20","Water Rights Programs","CalEPA-Water Rights","CalEPA-Water Rights: Water Transfers Program","Environmental Protection Agency","2","https://www.waterboards.ca.gov/waterrights/water_issues/programs/water_transfers/","low","website","yes","individual export","Not Applicable","pdf","no","no","no","no","no","yearly or higher","limited record","hub",5,"ca",33.33,50,100,40,20,0,0,0,0,50,75,40,62.5,26.09,36.11
"p18","My Water Quality","nMix","California Water Quality Monitoring Council","CalEPA,NRA","CalEPA,NRA: My Water Quality",NA,NA,"https://mywaterquality.ca.gov/index.html","low","website; map","yes","individual export; batch export; link to source","Not Applicable","csv; png; pdf; txt; excel","yes","html","no","descriptive","yes","unknown","period of record","hub",5,"ca",33.33,75,100,40,100,100,0,33.33,100,0,100,50,62.5,65.22,62.5
"p01","CA Open Data Portal","n73","Government Operations Agency","GOA","GOA: CA Open Data Portal","Government Operations Agency","4","https://data.ca.gov/","high","catalog","yes","individual export; batch export; web services","Not Applicable","csv; excel; kml; json; pdf; shapefile; txt; zip","yes","html","no","descriptive","yes","irregular","period of record","hub",5,"ca",100,100,100,66.6,100,100,0,33.33,100,25,100,100,79.12,69.57,75.92
"p23","Groundwater Exchange","nMix","Groundwater Management","Hub","Hub: Groundwater Exchange",NA,NA,"https://groundwaterexchange.org/","medium","catalog","no","link to source","Indirect","none","no","no","no","no","no","irregular","not applicable","hub",5,"ca",66.67,100,0,20,0,0,0,0,0,25,25,80,12.5,8.7,19.44
"p21","Natural Resources Agency Open Data","n25","Natural Resources Agency","NRA","NRA: Natural Resources Agency Open Data","Natural Resources Agency","3","https://data.cnra.ca.gov/","high","catalog","yes","individual export; web services","Not Applicable","csv; excel; kml; json; html; pdf; zip","yes","html","yes","administrative; descriptive; structural","yes","irregular","period of record","hub",5,"ca",100,100,100,70,100,100,100,100,100,25,100,100,81.25,86.96,87.5
"p32","DOC Maps: California Geological Survey","n36","CA Geological Survey","NRA-CGS","NRA-CGS: DOC Maps: California Geological Survey","Natural Resources Agency","3","https://maps.conservation.ca.gov/cgs/#datalist","low","website","yes","web services","Not Applicable","shapefile; zip","yes","html","yes","administrative; descriptive; structural","yes","irregular","period of record","hub",5,"ca",33.33,50,100,100,60,100,100,100,100,25,100,40,100,78.26,77.78
"p33","Water Use SB 1281 Data and Reports","n38","Division of Oil, Gas, and Geothermal Resources","NRA-DOGGR","NRA-DOGGR: Water Use SB 1281 Data and Reports","Natural Resources Agency","3","http://www.conservation.ca.gov/dog/SB%201281/Pages/SB_1281DataAndReports.aspx","low","website","yes","individual export","Not Applicable","csv; pdf; txt","no","no","yes","no","no","yearly or higher","limited record","hub",5,"ca",33.33,50,100,40,100,0,100,0,0,50,75,40,62.5,52.17,52.78
"p16","Water Data Library","n26","Department of Water Resources","NRA-DWR","NRA-DWR: Water Data Library","Natural Resources Agency","3","http://wdl.water.ca.gov/waterdatalibrary/index.cfm","medium","catalog; map","yes","individual export; batch export","Not Applicable","csv; excel; html; txt","yes","html","no","descriptive","no","daily or higher","period of record","hub",5,"ca",66.67,100,100,50,100,100,0,33.33,0,100,100,80,68.75,73.91,73.61
"p22","CA Water Library","n26","Department of Water Resources","NRA-DWR","NRA-DWR: CA Water Library","Natural Resources Agency","3","https://cawaterlibrary.net/","high","catalog","yes","individual export","Not Applicable","pdf","yes","html","no","descriptive","no","irregular","not applicable","hub",5,"ca",100,100,100,40,20,100,0,33.33,0,25,25,100,62.5,30.43,47.22
"p24","Best Available Maps","n26","Department of Water Resources","NRA-DWR","NRA-DWR: Best Available Maps","Natural Resources Agency","3","http://gis.bam.water.ca.gov/bam/","medium","map","no","link to source","Indirect","none","no","no","no","no","no","irregular","current only","hub",5,"ca",66.67,100,0,20,0,0,0,0,0,25,50,80,12.5,13.04,22.22
"p25","CA Data Exchange Center","n26","Department of Water Resources","NRA-DWR","NRA-DWR: CA Data Exchange Center","Natural Resources Agency","3","https://cdec.water.ca.gov/","low","website","yes","individual export; web services","Not Applicable","html; png","no","no","no","no","no","daily or higher","limited record","hub",5,"ca",33.33,50,100,70,100,0,0,0,0,100,75,40,81.25,52.17,56.94
"p26","CA Irrigation Management Information System","n26","Department of Water Resources","NRA-DWR","NRA-DWR: CA Irrigation Management Information System","Natural Resources Agency","3","https://cimis.water.ca.gov/","low","website","yes","individual export","Not Applicable","csv; html; json","yes","html","no","administrative","no","daily or higher","limited record","hub",5,"ca",33.33,50,100,40,100,100,0,33.33,0,100,75,40,62.5,69.57,63.89
"p27","Water Management Planning Tool","n26","Department of Water Resources","NRA-DWR","NRA-DWR: Water Management Planning Tool","Natural Resources Agency","3","https://gis.water.ca.gov/app/boundaries/","medium","map","yes","web services","Not Applicable","json","yes","html","no","descriptive","yes","irregular","current only","hub",5,"ca",66.67,100,100,100,100,100,0,33.33,100,25,50,80,100,60.87,72.22
"p28","Groundwater Information Center Interactive Map Application","n26","Department of Water Resources","NRA-DWR","NRA-DWR: Groundwater Information Center Interactive Map Application","Natural Resources Agency","3","https://gis.water.ca.gov/app/gicima/","low","website","yes","individual export","Not Applicable","csv; html; json","yes","html","no","administrative; descriptive","no","yearly or higher","limited record","hub",5,"ca",33.33,50,100,40,100,100,0,66.67,0,50,75,40,62.5,65.22,61.11
"p34","Biogeographic Information and Observation System","n43","Ecosystem Conservation Division","NRA-Ecosystems Conservation","NRA-Ecosystems Conservation: Biogeographic Information and Observation System","Natural Resources Agency","3","https://map.dfg.ca.gov/bios/","medium","map","yes","individual export; link to source","Not Applicable","shapefile; html","yes","html","no","administrative; descriptive; structural","yes","unknown","period of record","hub",5,"ca",66.67,100,100,30,100,100,0,100,100,0,100,80,56.25,73.91,70.83
"p35","Geographic Information Systems (GIS) Services","n43","Ecosystem Conservation Division","NRA-Ecosystems Conservation","NRA-Ecosystems Conservation: Geographic Information Systems (GIS) Services","Natural Resources Agency","3","https://www.wildlife.ca.gov/Data/GIS","low","website","yes","individual export; web services","Not Applicable","shapefile; zip","no","no","no","no","no","unknown","period of record","hub",5,"ca",33.33,50,100,70,60,0,0,0,0,0,100,40,81.25,30.43,43.06
"p36","Electricity Data, Facts, and Statistics","n45","Energy Commission","NRA-Energy Commission","NRA-Energy Commission: Electricity Data, Facts, and Statistics","Natural Resources Agency","3","http://www.energy.ca.gov/almanac/electricity_data/","low","website","yes","copy and paste; individual export","Not Applicable","csv; excel; html","no","no","no","no","no","yearly or higher","limited record","hub",5,"ca",33.33,50,100,30,100,0,0,0,0,50,75,40,56.25,43.48,45.83
"p29","Flood Emergency Response Information Exchange","n29","Flood Management Program","NRA-Flood Management","NRA-Flood Management: Flood Emergency Response Information Exchange","Natural Resources Agency","3","http://ferix.water.ca.gov/webapp/home.jsp","low","website","yes","individual export; link to source","Not Applicable","html; pdf","no","no","no","no","no","irregular","period of record","hub",5,"ca",33.33,50,100,30,100,0,0,0,0,25,100,40,56.25,43.48,45.83
"p30","CA Statewide Groundwater Elevation Monitoring (CASGEM)","n30","Groundwater Management Program","NRA-Groundwater Management","NRA-Groundwater Management: CA Statewide Groundwater Elevation Monitoring (CASGEM)","Natural Resources Agency","3","https://water.ca.gov/Programs/Groundwater-Management/Groundwater-Elevation-Monitoring--CASGEM","low","unknown","registration required","individual export; copy and paste","Not Applicable","png; html","yes","html","no","descriptive","no","unknown","unknown","hub",5,"ca",33.33,0,100,30,100,100,0,33.33,0,0,0,20,56.25,39.13,40.28
"p31","SGMA Groundwater Management Portal","n30","Groundwater Management Program","NRA-Groundwater Management","NRA-Groundwater Management: SGMA Groundwater Management Portal","Natural Resources Agency","3","https://sgma.water.ca.gov/portal/#intro","low","website; map","yes","individual export","Not Applicable","pdf; shapefile","no","no","no","no","no","unknown","period of record","hub",5,"ca",33.33,75,100,40,60,0,0,0,0,0,100,50,62.5,30.43,40.28
"p37","CA Renewable Energy Statistics and Data","n47","Renewable Energy Division","NRA-Renewable Energy","NRA-Renewable Energy: CA Renewable Energy Statistics and Data","Natural Resources Agency","3","http://www.energy.ca.gov/almanac/renewables_data/","low","website","yes","copy and paste; individual export","Not Applicable","csv; excel; html","no","no","no","no","no","yearly or higher","limited record","hub",5,"ca",33.33,50,100,30,100,0,0,0,0,50,75,40,56.25,43.48,45.83
"p10","Agricultural Water Quality Database","n29","Agricultural Water Quality Program","CDA","CDA: Agricultural Water Quality Database","Department of Agriculture","n27","https://erams.com/co_agwaterquality/search_data","high","website","yes","individual export","Not Applicable","csv","no","no","no","no","no","unknown","period of record","hub",5,"co",100,50,100,40,100,0,0,0,0,0,100,80,62.5,39.13,50
"p01","Observations Data","n03","Colorado Avalance Information Center","CDNR","CDNR: Observations Data","Department of Natural Resources","n02","https://avalanche.state.co.us/observations/weather-stations/","medium","website; catalog","yes","copy and paste; batch export","Not Applicable","html; csv","yes","in data","no","descriptive","no","daily or higher","limited record","hub",5,"co",66.67,75,100,40,100,33.33,0,33.33,0,100,75,70,62.5,60.87,62.5
"p05","Open Data","n21","Department of Public Health and Environment","CDPHE","CDPHE: Open Data","Department of Public Health and Environment","n21","https://data-cdphe.opendata.arcgis.com/","medium","catalog","yes","full export","Not Applicable","excel; shapefile; kml","yes","html; xml","yes","descriptive; administrative; structural","yes","varies","varies","hub",5,"co",66.67,100,100,60,100,100,100,100,100,25,25,80,75,73.91,75
"p06","Clean Water - GIS Maps","n23","Clean Water Program","CDPHE","CDPHE: Clean Water - GIS Maps","Department of Public Health and Environment","n21","https://www.colorado.gov/pacific/cdphe/clean-water-gis-maps","medium","website","yes","individual export","Not Applicable","shapefile; geodatabase; zip","yes","xml","yes","descriptive; administrative","yes","unknown","current only","hub",5,"co",66.67,50,100,40,60,100,100,66.67,100,0,50,60,62.5,60.87,61.11
"p07","Watershed Rapid Assessment Program","n23","Clean Water Program","CDPHE","CDPHE: Watershed Rapid Assessment Program","Department of Public Health and Environment","n21","https://erams.com/wrap","medium","map","yes","batch export","Not Applicable","png; pdf; csv; excel; shapefile","yes","html","no","descriptive; administrative","yes","daily or higher","varies","hub",5,"co",66.67,100,100,60,100,100,0,66.67,100,100,25,80,75,73.91,75
"p09","Water Quality Planning","n23","Clean Water Program","CDPHE","CDPHE: Water Quality Planning","Department of Public Health and Environment","n21","https://www.colorado.gov/pacific/cdphe/wq-planning","medium","website","yes","individual export","Not Applicable","pdf","yes","in data","no","administrative","no","unknown","limited record","hub",5,"co",66.67,50,100,40,20,33.33,0,33.33,0,0,75,60,62.5,26.09,38.89
"p12","Drinking water compliance assurance","n24","Safe Drinking Water Program","CDPHE","CDPHE: Drinking water compliance assurance","Department of Public Health and Environment","n21","https://www.colorado.gov/pacific/cdphe/drinking-water-consumer-information","medium","website; catalog","yes","full export; individual export","Not Applicable","csv; excel","some","pdf","yes","administrative","no","monthly or higher","period of record","hub",5,"co",66.67,75,100,50,100,33.33,100,33.33,0,75,100,70,68.75,69.57,69.44
"p13","Colorado Environmental Records","n21","Department of Public Health and Environment","CDPHE","CDPHE: Colorado Environmental Records","Department of Public Health and Environment","n21","https://environmentalrecords.colorado.gov/HPRMWebDrawer/search","medium","catalog","yes","individual export","Not Applicable","pdf","yes","in data","no","administrative","yes","unknown","period of record","hub",5,"co",66.67,100,100,40,20,33.33,0,33.33,100,0,100,80,62.5,39.13,50
"p14","Water quality 10-year roadmap","n23","Clean Water Program","CDPHE","CDPHE: Water quality 10-year roadmap","Department of Public Health and Environment","n21","https://www.colorado.gov/pacific/cdphe/WQ-10-Year-Roadmap","medium","website","yes","individual export","Not Applicable","pdf","yes","in data","no","descriptive; structural","no","unknown","current only","hub",5,"co",66.67,50,100,40,20,33.33,0,66.67,0,0,50,60,62.5,26.09,38.89
"p15","Animas River reports, data and maps","n23","Clean Water Program","CDPHE","CDPHE: Animas River reports, data and maps","Department of Public Health and Environment","n21","https://www.colorado.gov/pacific/cdphe/animas-river-spill","medium","website","yes","individual export","Not Applicable","pdf; excel; shapefile","yes","in data","some","descriptive","no","unknown","period of record","hub",5,"co",66.67,50,100,40,60,33.33,50,33.33,0,0,100,60,62.5,43.48,50
"p17","Total Maximum Daily Loads (TMDLs)","n23","Clean Water Program","CDPHE","CDPHE: Total Maximum Daily Loads (TMDLs)","Department of Public Health and Environment","n21","https://www.colorado.gov/pacific/cdphe/total-maximum-daily-loads-tmdls","medium","website","yes","individual export","Not Applicable","pdf","yes","in data","no","descriptive","unknown","unknown","period of record","hub",5,"co",66.67,50,100,40,20,33.33,0,33.33,0,0,100,60,62.5,30.43,41.67
"p25","Colorado hazadous waste site assessments","n26","Disease Control and Environmental Epidemiology","CDPHE","CDPHE: Colorado hazadous waste site assessments","Department of Public Health and Environment","n21","https://www.colorado.gov/pacific/cdphe/colorado-site-assessments","medium","website","yes","individual export","Not Applicable","pdf","no","no","no","no","no","varies","period of record","hub",5,"co",66.67,50,100,40,20,0,0,0,0,25,100,60,62.5,26.09,38.89
"p26","Clean water active permits","n23","Clean Water Program","CDPHE","CDPHE: Clean water active permits","Department of Public Health and Environment","n21","https://www.colorado.gov/pacific/cdphe/clean-water-active-permits","medium","website","yes","full export","Not Applicable","excel","no","no","no","no","no","unknown","current only","hub",5,"co",66.67,50,100,60,60,0,0,0,0,0,50,60,75,21.74,38.89
"p27","Abandoned Mines Water Quality Study","n23","Clean Water Program","CDPHE","CDPHE: Abandoned Mines Water Quality Study","Department of Public Health and Environment","n21","https://www.colorado.gov/pacific/cdphe/WQ-Mine-Impacted-Streams-Task-Force","medium","website","yes","individual export","Not Applicable","pdf; excel","some","in data","some","descriptive","yes","varies","limited record","hub",5,"co",66.67,50,100,40,60,33.33,50,33.33,100,25,75,60,62.5,52.17,55.56
"p28","Aquatic pesticides permit","n23","Clean Water Program","CDPHE","CDPHE: Aquatic pesticides permit","Department of Public Health and Environment","n21","https://www.colorado.gov/pacific/cdphe/wq-pesticides-permits","medium","website","yes","individual export","Not Applicable","pdf; excel","some","in data","no","descriptive","yes","varies","varies","hub",5,"co",66.67,50,100,40,60,33.33,0,33.33,100,25,25,60,62.5,39.13,47.22
"p29","Measurable Results Program","n23","Clean Water Program","CDPHE","CDPHE: Measurable Results Program","Department of Public Health and Environment","n21","https://www.colorado.gov/pacific/cdphe/clean-water-measurable-results-program","medium","website","yes","individual export","Not Applicable","pdf","some","in data","no","descriptive","yes","unknown","varies","hub",5,"co",66.67,50,100,40,20,33.33,0,33.33,100,0,25,60,62.5,26.09,38.89
"p30","On Site Wastewater treatment systems","n23","Clean Water Program","CDPHE","CDPHE: On Site Wastewater treatment systems","Department of Public Health and Environment","n21","https://www.colorado.gov/pacific/cdphe/clean-water-site-wastewater-treatment-systems","medium","website","yes","individual export","Not Applicable","pdf","some","in data","no","descriptive","yes","yearly or higher","limited record","hub",5,"co",66.67,50,100,40,20,33.33,0,33.33,100,50,75,60,62.5,43.48,50
"p31","PFAS 2020 Sampling Project","n24","Safe Drinking Water Program","CDPHE","CDPHE: PFAS 2020 Sampling Project","Department of Public Health and Environment","n21","https://cohealthviz.dphe.state.co.us/t/EnvironmentalEpidemiologyPublic/views/PFAS_PWS_ParticipationDash/PFAS_Sampling_Participation?:origin=card_share_linkand:embed=yand:isGuestRedirectFromVizportal=y","medium","map","yes","individual export; full export","Not Applicable","pdf; png; excel","no","no","no","no","no","monthly or higher","period of record","hub",5,"co",66.67,100,100,50,60,0,0,0,0,75,100,80,68.75,43.48,54.17
"p32","Consumer Confidence Rule","n24","Safe Drinking Water Program","CDPHE","CDPHE: Consumer Confidence Rule","Department of Public Health and Environment","n21","https://www.colorado.gov/cdphe/ccr","medium","website","yes","individual export","Not Applicable","word","yes","in data","yes","descriptive","yes","unknown","period of record","hub",5,"co",66.67,50,100,40,60,33.33,100,33.33,100,0,100,60,62.5,56.52,58.33
"p33","Web Public Water System and Violation","n24","Safe Drinking Water Program","CDPHE","CDPHE: Web Public Water System and Violation","Department of Public Health and Environment","n21","https://datastudio.google.com/reporting/18DpQAMm-riBo5DfqEUCgDqMspPPhu-Ul/page/q5Fz","medium","catalog","yes","full export; batch export","Not Applicable","pdf; csv; excel","yes","in data","yes","administrative; descriptive; structural","yes","monthly or higher","period of record","hub",5,"co",66.67,100,100,60,100,33.33,100,100,100,75,100,80,75,86.96,83.33
"p35","Environmental Data","n21","Department of Public Health and Environment","CDPHE","CDPHE: Environmental Data","Department of Public Health and Environment","n21","https://coepht.colorado.gov/environmental-data","medium","website","yes","individual export","Not Applicable","pdf; excel","yes","pdf; html","no","descriptive; administrative","yes","varies","limited record","hub",5,"co",66.67,50,100,40,60,66.67,0,66.67,100,25,75,60,62.5,56.52,58.33
"p03","CDSS Data and Tools","n08","Division of Water Resources","CDWR","CDWR: CDSS Data and Tools","Department of Natural Resources","n02","https://dwr.state.co.us/tools","medium","catalog; map","yes","full export; batch export","Not Applicable","pdf; html; csv; shapefile; geodatabase; raster; excel","yes","unknown","no","descriptive; administrative; structural","unknown","varies","varies","hub",5,"co",66.67,100,100,60,100,33.33,0,100,0,25,25,80,75,47.83,58.33
"p04","Imaged Documents","n08","Division of Water Resources","CDWR","CDWR: Imaged Documents","Department of Natural Resources","n02","https://dnrweblink.state.co.us/dwr/","medium","catalog","yes","individual export","Not Applicable","pdf","some","in data","some","descriptive","no","varies","period of record","hub",5,"co",66.67,100,100,40,20,33.33,50,33.33,0,25,100,80,62.5,39.13,50
"p19","Colorado's Water Plan","n02","Water Conservation Board","CDWR","CDWR: Colorado's Water Plan","Department of Natural Resources","n02","https://www.colorado.gov/pacific/cowaterplan","medium","website","yes","individual export","Not Applicable","pdf; excel; csv","yes","in data","some","descriptive; structural","yes","daily or higher","varies","hub",5,"co",66.67,50,100,40,100,33.33,50,66.67,100,100,25,60,62.5,69.57,66.67
"p20","Surface Water Conditions","n08","Division of Water Resources","CDWR","CDWR: Surface Water Conditions","Department of Natural Resources","n02","https://dwr.state.co.us/surfacewater/default.aspx","medium","catalog","yes","individual export; link to source","Broken Links","txt","yes","in data","no","administrative","no","daily or higher","limited record","hub",5,"co",66.67,100,100,30,100,33.33,0,33.33,0,100,75,80,56.25,60.87,62.5
"p50","GIS Data","n08","Division of Water Resources","CDWR","CDWR: GIS Data","Department of Natural Resources","n02","https://www.colorado.gov/pacific/cdss/gis-data","medium","website","yes","full export","Not Applicable","zip; shapefile; geodatabase","yes","xml; html","no","descriptive; administrative","yes","varies","current only","hub",5,"co",66.67,50,100,60,60,100,0,66.67,100,25,50,60,75,56.52,61.11
"p51","Modeling Data","n08","Division of Water Resources","CDWR","CDWR: Modeling Data","Department of Natural Resources","n02","https://www.colorado.gov/pacific/cdss/modeling-data","medium","website","yes","full export","Not Applicable","software specific; excel","yes","pdf","some","descriptive; administrative","no","varies","period of record","hub",5,"co",66.67,50,100,60,60,33.33,50,66.67,0,25,100,60,75,52.17,58.33
"p16","Publications","n37","Colorado Geologic Survey","CGS","CGS: Publications","Colorado School of Mines","n36","https://coloradogeologicalsurvey.org/gis-data-map-portal/","medium","website","yes","individual export","Not Applicable","shapefile","some","xml","no","administrative","no","unknown","unknown","hub",5,"co",66.67,50,100,40,60,100,0,33.33,0,0,0,60,62.5,30.43,41.67
"p18","Colorado Information Marketplace","n43","Colorado","CO","CO: Colorado Information Marketplace","Colorado","n42","https://data.colorado.gov/","medium","catalog","yes","web services; full export","Not Applicable","csv; tsv; rdf; xml; rss","yes","html","yes","administrative; descriptive; structural","yes","varies","varies","hub",5,"co",66.67,100,100,80,100,100,100,100,100,25,25,80,87.5,73.91,77.78
"p02","Colorado Oil and Gas Information System","n06","Colorado Oil and Gas Conservation Commision","COGCC","COGCC: Colorado Oil and Gas Information System","Department of Natural Resources","n02","https://cogcc.state.co.us/COGIS/LiveQuery.html","high","catalog","yes","individual export; copy and paste","Not Applicable","excel; pdf; html","yes","in data","no","descriptive; structural","no","monthly or higher","period of record","hub",5,"co",100,100,100,30,100,33.33,0,66.67,0,75,100,100,56.25,65.22,68.06
"p22","Data Downloads","n06","Colorado Oil and Gas Conservation Commision","COGCC","COGCC: Data Downloads","Department of Natural Resources","n02","https://cogcc.state.co.us/data2.html#/downloads","high","website","yes","full export","Not Applicable","excel; access; shapefile; pdf; zip","some","pdf","yes","administrative; descriptive","yes","monthly or higher","period of record","hub",5,"co",100,50,100,60,60,33.33,100,66.67,100,75,100,80,75,73.91,75
"p23","Reports Portal","n06","Colorado Oil and Gas Conservation Commision","COGCC","COGCC: Reports Portal","Department of Natural Resources","n02","https://cogcc.state.co.us/COGCCReports/production.aspx?id=MonthlyWaterProdByCounty","high","catalog","yes","individual export","Not Applicable","excel; pdf; csv; xml","some","pdf; html","yes","administrative","no","monthly or higher","period of record","hub",5,"co",100,100,100,40,100,66.67,100,33.33,0,75,100,100,62.5,73.91,75
"p40","Regions Single POA Reports","n41","Water Quality Section","DOT","DOT: Regions Single POA Reports","Department of Transportation","n39","https://www.codot.gov/business/hydraulics/regions-single-poa-reports","low","website","yes","individual export","Not Applicable","pdf","some","in data","no","descriptive","some","varies","limited record","hub",5,"co",33.33,50,100,40,20,33.33,0,33.33,50,25,75,40,62.5,34.78,41.67
"p42","Wet Weather Monitoring Program","n41","Water Quality Section","DOT","DOT: Wet Weather Monitoring Program","Department of Transportation","n39","https://www.codot.gov/programs/environmental/water-quality/stormwater-programs/wet-weather-monitoring-program","low","website","yes","full export","Not Applicable","pdf; excel","some","in data","no","no","some","varies","varies","hub",5,"co",33.33,50,100,60,60,33.33,0,0,50,25,25,40,75,30.43,41.67
"p39","Utility Providers","n33","Energy Section","PUC","PUC: Utility Providers","Department of Regulatory Agencies","n31","https://puc.colorado.gov/utilityproviders","medium","website","yes","full export","Not Applicable","pdf","no","no","no","no","no","monthly or higher","current only","hub",5,"co",66.67,50,100,60,20,0,0,0,0,75,50,60,75,26.09,41.67
"p48","Energy and Water Reports to the Legislature","n33","Energy and Water","PUC","PUC: Energy and Water Reports to the Legislature","Department of Regulatory Agencies","n31","https://puc.colorado.gov/energyandwaterreports","medium","website","yes","individual export",NA,"pdf","some","in data","no","descriptive","some","yearly or higher","limited record","hub",5,"co",66.67,50,100,40,20,33.33,0,33.33,50,50,75,60,62.5,39.13,47.22
"p02","Flood Map Service Center","n24","Federal Emergency Management Agency","DHS-FEMA","DHS-FEMA: Flood Map Service Center","Department of Homeland Security","6","https://msc.fema.gov/portal/home","low","website","software required","individual export; web services","Not Applicable","pdf; software specific; shapefile","no","xml","yes","administrative; descriptive; structural","no","irregular","unknown","hub",5,"federal",33.33,50,33.33,70,60,100,100,100,0,25,0,40,56.25,52.17,51.39
"p01","HSIN-CI Dams Portal","n26","Office of Infrastructure Protection","DHS-IP","DHS-IP: HSIN-CI Dams Portal","Department of Homeland Security","6","https://www.dhs.gov/hsin-dams-portal","no","unknown","permission required","unknown","Not Applicable","unknown","unknown","unknown","unknown","unknown","unknown","unknown","current only","hub",5,"federal",0,0,33.33,0,0,33.33,0,0,0,0,50,0,12.5,13.04,11.11
"p03","IP Gateway","n26","Office of Infrastructure Protection","DHS-IP","DHS-IP: IP Gateway","Department of Homeland Security","6","https://www.dhs.gov/ipgateway","no","unknown","training required","unknown","Not Applicable","unknown","no","unknown","unknown","unknown","unknown","unknown","unknown","hub",5,"federal",0,0,33.33,0,0,0,0,0,0,0,0,0,12.5,0,2.78
"p49","Climate Data Online","n08","National Oceanic and Atmospheric Administration","DOC-NOAA","DOC-NOAA: Climate Data Online","Department of Commerce","3","https://www.ncdc.noaa.gov/cdo-web/","high","map; catalog","yes","web services; ftp; individual export; batch export","Not Applicable","csv; txt; zip; pdf","yes","pdf","yes","administrative; descriptive","no","daily or higher","period of record","hub",5,"federal",100,100,100,70,100,33.33,100,66.67,0,100,100,100,81.25,78.26,81.94
"p50","OneStop","n08","National Oceanic and Atmospheric Administration","DOC-NOAA","DOC-NOAA: OneStop","Department of Commerce","3","https://data.noaa.gov/onestop","high","catalog","yes","web services; ftp; link to source; individual export","Not Applicable","shapefile; csv; xml; txt; kmz","yes","html","some","administrative","no","irregular","period of record","hub",5,"federal",100,100,100,60,100,100,50,33.33,0,25,100,100,75,65.22,72.22
"p55","National Water Model","n08","National Oceanic and Atmospheric Administration","DOC-NOAA","DOC-NOAA: National Water Model","Department of Commerce","3","http://water.noaa.gov/map","medium","website","yes","ftp; individual export","Not Applicable","netcdf","yes","html","no","descriptive","no","daily or higher","limited record","hub",5,"federal",66.67,50,100,60,100,100,0,33.33,0,100,75,60,75,69.57,69.44
"p51","Advanced Hydrologic Prediction Service","n09","National Weather Service","DOC-NWS","DOC-NWS: Advanced Hydrologic Prediction Service","Department of Commerce","3","https://water.weather.gov/ahps/","low","website","yes","web services; individual export","Not Applicable","netcdf; shapefile; raster; kmz","yes","html","no","administrative","no","daily or higher","limited record","hub",5,"federal",33.33,50,100,70,100,100,0,33.33,0,100,75,40,81.25,69.57,68.06
"p52","Climate Prediction Center","n09","National Weather Service","DOC-NWS","DOC-NWS: Climate Prediction Center","Department of Commerce","3","http://www.cpc.ncep.noaa.gov/products/monitoring_and_data/us.shtml","low","website","yes","individual export; copy and paste","Not Applicable","raster; shapefile; html; png","no","no","no","no","no","irregular","limited record","hub",5,"federal",33.33,50,100,30,100,0,0,0,0,25,75,40,56.25,39.13,43.06
"p53","National Operational Hydrologic Remote Sensing Center","n09","National Weather Service","DOC-NWS","DOC-NWS: National Operational Hydrologic Remote Sensing Center","Department of Commerce","3","https://www.nohrsc.noaa.gov/","low","website","yes","individual export; ftp","Not Applicable","netcdf; raster; shapefile; zip","yes","html","yes","administrative; descriptive; structural","no","daily or higher","period of record","hub",5,"federal",33.33,50,100,60,100,100,100,100,0,100,100,40,75,91.3,80.56
"p54","Precipitation Frequency Data Server","n09","National Weather Service","DOC-NWS","DOC-NWS: Precipitation Frequency Data Server","Department of Commerce","3","https://hdsc.nws.noaa.gov/hdsc/pfds/","high","map; catalog","yes","individual export; ftp","Not Applicable","html; csv; xml; ascii; shapefile","no","pdf","yes","administrative; descriptive","no","daily or higher","limited record","hub",5,"federal",100,100,100,60,100,33.33,100,66.67,0,100,75,100,75,73.91,77.78
"p04","No Public Portal","n11","National Geospatial Intelligence Agency","DOD-NGIA","DOD-NGIA: No Public Portal","Department of Defense","4","https://www.nga.mil/Pages/Default.aspx","no","unknown","no","unknown","Not Applicable","unknown","no","unknown","unknown","unknown","unknown","unknown","unknown","hub",5,"federal",0,0,0,0,0,0,0,0,0,0,0,0,0,0,0
"p05","Corps CWMS","n12","Army Corps of Engineers","DOD-USACE","DOD-USACE: Corps CWMS","Department of Defense","4","http://water.usace.army.mil","medium","map","yes","individual export; web services","Not Applicable","csv; png; image","yes","html","no","hybrid","no","daily or higher","limited record","hub",5,"federal",66.67,100,100,70,100,100,0,33.33,0,100,75,80,81.25,69.57,73.61
"p06","Atmospheric Radiation Measurement","n13","Department of Energy","DOE","DOE: Atmospheric Radiation Measurement","Department of Energy","5","https://www.arm.gov/data","high","catalog","registration required","individual export; web services","Not Applicable","netcdf","no","unknown","unknown","unknown","unknown","irregular","period of record","hub",5,"federal",100,100,100,70,100,0,0,0,0,25,100,100,81.25,43.48,59.72
"p07","Renewable and Alternative Fuels","n22","Energy Information Administration","DOE-EIA","DOE-EIA: Renewable and Alternative Fuels","Department of Energy","5","https://www.eia.gov/renewable/data.php#hydro","low","website","yes","batch export","Not Applicable","excel","no","no","no","no","no","yearly or higher","limited record","hub",5,"federal",33.33,50,100,60,60,0,0,0,0,50,75,40,75,34.78,44.44
"p08","NREL Data Catalog","n20","National Renewable Energy Laboratory","DOE-NREL","DOE-NREL: NREL Data Catalog","Department of Energy","5","https://data.nrel.gov/","high","catalog","yes","individual export; web services","Not Applicable","excel; ascii; zip","yes","in data","no","administrative","no","irregular","varies","hub",5,"federal",100,100,100,70,100,33.33,0,33.33,0,25,25,100,81.25,39.13,56.94
"p09","HydroGIS Viewer","n16","Oak Ridge National Laboratory","DOE-ORNL","DOE-ORNL: HydroGIS Viewer","Department of Energy","5","https://nhaap.ornl.gov/content/hydrogis-0","medium","map; website","yes","unknown","Not Applicable","access; excel; shapefile","yes","html","no","descriptive; structural","no","irregular","limited record","hub",5,"federal",66.67,75,100,0,60,100,0,66.67,0,25,75,70,37.5,52.17,51.39
"p10","National Groundwater Monitoring Network","n27","Advisory Committee on Water Information","DOI-ACWI","DOI-ACWI: National Groundwater Monitoring Network","Department of Interior","7","https://cida.usgs.gov/ngwmn/index.jsp","high","map","yes","batch export","Not Applicable","csv; tsv; zip","yes","pdf","yes","administrative; descriptive; structural","no","daily or higher","period of record","hub",5,"federal",100,100,100,60,100,33.33,100,100,0,100,100,100,75,82.61,83.33
"p11","Hydromet","n28","Bureau of Reclamation","DOI-BoR","DOI-BoR: Hydromet","Department of Interior","7","https://www.usbr.gov/pn/hydromet/","low","website","yes","copy and paste","Not Applicable","html","yes","html","yes","descriptive","no","daily or higher","period of record","hub",5,"federal",33.33,50,100,20,100,100,100,33.33,0,100,100,40,50,82.61,69.44
"p12","Agrimet","n28","Bureau of Reclamation","DOI-BoR","DOI-BoR: Agrimet","Department of Interior","7","https://www.usbr.gov/pn/agrimet/","low","website","yes","individual export","Not Applicable","txt; excel; json","yes","html","yes","administrative; descriptive","no","daily or higher","period of record","hub",5,"federal",33.33,50,100,40,100,100,100,66.67,0,100,100,40,62.5,86.96,75
"p13","Reclamation Water Information System","n28","Bureau of Reclamation","DOI-BoR","DOI-BoR: Reclamation Water Information System","Department of Interior","7","https://water.usbr.gov/","high","map; catalog","yes","web services; individual export; full export","Not Applicable","json; csv; wml2; zip","yes","in data","yes","administrative; descriptive","no","daily or higher","limited record","hub",5,"federal",100,100,100,66.6,100,33.33,100,66.67,0,100,75,100,79.12,73.91,78.69
"p14","National Wetlands Inventory","n29","Fish and Wildlife Service","DOI-FWS","DOI-FWS: National Wetlands Inventory","Department of Interior","7","https://www.fws.gov/wetlands/Data/Mapper.html","high","map","yes","web services; individual export","Not Applicable","shapefile","yes","xml","yes","administrative; descriptive; structural","yes","irregular","current only","hub",5,"federal",100,100,100,70,60,100,100,100,100,25,50,100,81.25,69.57,76.39
"p15","GroundwaterWatch","n30","Geological Survey","DOI-GS","DOI-GS: GroundwaterWatch","Department of Interior","7","https://groundwaterwatch.usgs.gov/","medium","map","yes","individual export; link to source","Not Applicable","shapefile; txt","yes","txt","yes","administrative; descriptive","no","daily or higher","period of record","hub",5,"federal",66.67,100,100,30,100,100,100,66.67,0,100,100,80,56.25,86.96,79.17
"p16","National Water Census Data Portal","n30","Geological Survey","DOI-GS","DOI-GS: National Water Census Data Portal","Department of Interior","7","https://cida.usgs.gov/nwc/","medium","map","yes","individual export","Not Applicable","csv; pdf; shapefile","yes","txt","no","descriptive; structural","no","daily or higher","period of record","hub",5,"federal",66.67,100,100,40,100,100,0,66.67,0,100,100,80,62.5,78.26,75
"p17","National Water Information System","n30","Geological Survey","DOI-GS","DOI-GS: National Water Information System","Department of Interior","7","https://waterdata.usgs.gov/nwis","high","map; catalog","yes","web services; individual export","Not Applicable","csv; json","yes","in data","yes","administrative; descriptive","no","daily or higher","period of record","hub",5,"federal",100,100,100,70,100,33.33,100,66.67,0,100,100,100,81.25,78.26,81.94
"p18","StreamStats","n30","Geological Survey","DOI-GS","DOI-GS: StreamStats","Department of Interior","7","https://streamstats.usgs.gov/ss/","medium","map","yes","individual export; web services; batch export","Not Applicable","shapefile; csv; json","yes","pdf","yes","administrative; descriptive","no","daily or higher","current only","hub",5,"federal",66.67,100,100,66.6,100,33.33,100,66.67,0,100,50,80,79.12,69.57,73.14
"p19","U.S. Water Monitor","n30","Geological Survey","DOI-GS","DOI-GS: U.S. Water Monitor","Department of Interior","7","https://watermonitor.gov/","low","website","yes","individual export","Not Applicable","png; csv; html","no","no","some","no","no","daily or higher","limited record","hub",5,"federal",33.33,50,100,40,100,0,50,0,0,100,75,40,62.5,56.52,55.56
"p20","WaterAlert","n30","Geological Survey","DOI-GS","DOI-GS: WaterAlert","Department of Interior","7","https://maps.waterdata.usgs.gov/mapper/wateralert/","high","map","yes","link to source","Direct","not applicable","no","no","no","no","no","daily or higher","period of record","hub",5,"federal",100,100,100,40,0,0,0,0,0,100,100,100,62.5,34.78,50
"p21","WaterQualityWatch","n30","Geological Survey","DOI-GS","DOI-GS: WaterQualityWatch","Department of Interior","7","https://waterwatch.usgs.gov/wqwatch/","medium","map","yes","link to source","Direct","not applicable","no","no","yes","no","no","daily or higher","current only","hub",5,"federal",66.67,100,100,40,0,0,100,0,0,100,50,80,62.5,34.78,47.22
"p22","WaterWatch","n30","Geological Survey","DOI-GS","DOI-GS: WaterWatch","Department of Interior","7","https://waterwatch.usgs.gov/","medium","map","yes","web services; copy and paste","Not Applicable","shapefile; json; csv; xml; txt; html","no","no","some","no","no","daily or higher","current only","hub",5,"federal",66.67,100,100,60,100,0,50,0,0,100,50,80,75,52.17,61.11
"p23","NationalMap","n30","Geological Survey","DOI-GS","DOI-GS: NationalMap","Department of Interior","7","https://nationalmap.gov/","high","map; catalog","yes","ftp; individual export; batch export; web services","Not Applicable","raster; shapefile","yes","xml","yes","administrative; descriptive; structural","no","irregular","current only","hub",5,"federal",100,100,100,70,60,100,100,100,0,25,50,100,81.25,60.87,70.83
"p24","ATTAINS","n36","Environmental Protection Agency","EPA","EPA: ATTAINS","Environmental Protection Agency","10","https://www.epa.gov/waterdata/attains","low","website","yes","individual export; batch export","Not Applicable","shapefile; csv","yes","html","no","descriptive; structural","yes","irregular","period of record","hub",5,"federal",33.33,50,100,50,100,100,0,66.67,100,25,100,40,68.75,73.91,68.06
"p25","ECHO","n36","Environmental Protection Agency","EPA","EPA: ECHO","Environmental Protection Agency","10","https://echo.epa.gov/","medium","map; catalog","yes","individual export; batch export; web services","Not Applicable","shapefile; excel; csv","yes","html","yes","administrative; descriptive; structural","no","irregular","period of record","hub",5,"federal",66.67,100,100,66.6,100,100,100,100,0,25,100,80,79.12,78.26,78.69
"p26","EnviroAtlas","n36","Environmental Protection Agency","EPA","EPA: EnviroAtlas","Environmental Protection Agency","10","https://www.epa.gov/enviroatlas","medium","map; catalog","yes","web services; ftp; batch export","Not Applicable","shapefile; csv; zip","yes","xml","yes","administrative; descriptive; structural","yes","irregular","current only","hub",5,"federal",66.67,100,100,80,100,100,100,100,100,25,50,80,87.5,78.26,80.56
"p27","National Contaminant Occurrence Database","n36","Environmental Protection Agency","EPA","EPA: National Contaminant Occurrence Database","Environmental Protection Agency","10","https://www.epa.gov/dwstandardsregulations/national-contaminant-occurrence-database-ncod","low","website","yes","individual export","Not Applicable","zip; txt","yes","pdf","yes","administrative","no","irregular","limited record","hub",5,"federal",33.33,50,100,40,100,33.33,100,33.33,0,25,75,40,62.5,56.52,55.56
"p56","SDWIS Federal Reports Search","n36","Environmental Protection Agency","EPA","EPA: SDWIS Federal Reports Search","Environmental Protection Agency","10","https://ofmpub.epa.gov/apex/sfdw/f?p=108:200::::::","medium","website; catalog","yes","individual export; batch export; web services","Not Applicable","csv","no","no","no","no","no","yearly or higher","limited record","hub",5,"federal",66.67,75,100,66.6,100,0,0,0,0,50,75,70,79.12,43.48,55.08
"p28","Water Quality Portal","nMix","EPA, USGS, NWQMC","EPA, USGS, NWQMC","Joint: Water Quality Portal","EPA, USGS, NWQMC",NA,"https://www.waterqualitydata.us/","high","map; catalog","yes","web services; batch export","Not Applicable","csv; shapefile; tsv; excel; kml","yes","html","yes","administrative; descriptive; structural","no","daily or higher","period of record","hub",5,"federal",100,100,100,80,100,100,100,100,0,100,100,100,87.5,91.3,91.67
"p29","GeoPlatform.Gov","n37","Federal Geospatial Data Committee","FGDC","FGDC: GeoPlatform.Gov","Federal Geospatial Data Committee","10","https://www.geoplatform.gov/","medium","catalog","yes","link to source","Indirect","not applicable","yes","html","no","descriptive","no","irregular","current only","hub",5,"federal",66.67,100,100,20,0,100,0,33.33,0,25,50,80,50,30.43,41.67
"p30","Data.Gov","n38","General Services Administration","GSA","GSA: Data.Gov","General Services Administration","10","https://www.data.gov/","medium","catalog","yes","web services; link to source","Not Applicable","not applicable","yes","json","no","descriptive","no","irregular","varies","hub",5,"federal",66.67,100,100,60,0,100,0,33.33,0,25,25,80,75,26.09,44.44
"p31","HealthData.Gov","n33","Department of Health and Human Services","HHS","HHS: HealthData.Gov","Department of Health and Human Services","9","https://www.healthdata.gov/","medium","catalog","yes","individual export; web services","Not Applicable","csv; json; xml; rdf","yes","json","no","descriptive","no","irregular","period of record","hub",5,"federal",66.67,100,100,70,100,100,0,33.33,0,25,100,80,81.25,60.87,68.06
"p32","Data.CDC.Gov","n33","Department of Health and Human Services","HHS-CDC","HHS-CDC: Data.CDC.Gov","Department of Health and Human Services","9","https://data.cdc.gov/","medium","catalog","yes","individual export; web services; link to source","Not Applicable","csv; rdf; xml","yes","pdf","yes","administrative; descriptive; structural","no","irregular","limited record","hub",5,"federal",66.67,100,100,53.4,100,33.33,100,100,0,25,75,80,70.88,65.22,68.53
"p33","EGIS OpenData","n32","Department of Housing and Urban Development","HUD","HUD: EGIS OpenData","Department of Housing and Urban Development","8","https://egis-hud.opendata.arcgis.com/","high","catalog","yes","web services; individual export","Not Applicable","shapefile; excel","yes","html","some","descriptive","some","irregular","current only","hub",5,"federal",100,100,100,70,60,100,50,33.33,50,25,50,100,81.25,52.17,65.28
"p34","Alaska Satellite Facility DAAC","n41","Earth Science Division","NASA-ESD","NASA-ESD: Alaska Satellite Facility DAAC","National Aeronautics and Space Administration","10","https://www.asf.alaska.edu/get-data/get-started/","medium","map; catalog; website","registration required","web services; individual export","Not Applicable","image; pdf; shapefile; raster; hdf5; csv","yes","xml","yes","administrative; descriptive; structural","some","irregular","period of record","hub",5,"federal",66.67,83.5,100,70,100,100,100,100,50,25,100,73.4,81.25,82.61,81.03
"p35","Earthdata Search","n41","Earth Science Division","NASA-ESD","NASA-ESD: Earthdata Search","National Aeronautics and Space Administration","10","https://search.earthdata.nasa.gov/","high","map; catalog","registration required","web services; individual export","Not Applicable","unknown","yes","html","no","descriptive","yes","irregular","period of record","hub",5,"federal",100,100,100,70,0,100,0,33.33,100,25,100,100,81.25,47.83,62.5
"p36","Goddard Earth Sciences Data and Information Services Center","n41","Earth Science Division","NASA-ESD","NASA-ESD: Goddard Earth Sciences Data and Information Services Center","National Aeronautics and Space Administration","10","https://daac.gsfc.nasa.gov/","medium","catalog","yes","web services; individual export","Not Applicable","netcdf; hdf5","yes","pdf","yes","administrative; descriptive; structural","no","irregular","period of record","hub",5,"federal",66.67,100,100,70,100,33.33,100,100,0,25,100,80,81.25,69.57,73.61
"p37","Global Hydrology Resource Center DAAC","n41","Earth Science Division","NASA-ESD","NASA-ESD: Global Hydrology Resource Center DAAC","National Aeronautics and Space Administration","10","https://ghrc.nsstc.nasa.gov/home/","medium","map; catalog","yes","web services; individual export; batch export","Not Applicable","netcdf; hdf5","yes","pdf","yes","administrative; descriptive; structural","no","irregular","period of record","hub",5,"federal",66.67,100,100,66.6,100,33.33,100,100,0,25,100,80,79.12,69.57,73.14
"p38","Land Processes DAAC","n41","Earth Science Division","NASA-ESD","NASA-ESD: Land Processes DAAC","National Aeronautics and Space Administration","10","https://lpdaac.usgs.gov/","high","catalog","registration required","link to source","Indirect","not applicable","yes","xml","yes","administrative; descriptive","yes","irregular","period of record","hub",5,"federal",100,100,100,20,0,100,100,66.67,100,25,100,100,50,60.87,63.89
"p39","National Snow and Ice Data Center DAAC","n41","Earth Science Division","NASA-ESD","NASA-ESD: National Snow and Ice Data Center DAAC","National Aeronautics and Space Administration","10","https://nsidc.org/daac","high","catalog","yes","web services; batch export; individual export","Not Applicable","ascii; xml; hdf5","yes","xml","yes","administrative; descriptive; structural","yes","irregular","period of record","hub",5,"federal",100,100,100,66.6,100,100,100,100,100,25,100,100,79.12,86.96,87.03
"p40","Oak Ridge National Laboratory DAAC","n41","Earth Science Division","NASA-ESD","NASA-ESD: Oak Ridge National Laboratory DAAC","National Aeronautics and Space Administration","10","https://daac.ornl.gov/","low","website","registration required","web services; individual export","Not Applicable","unknown","yes","html","yes","administrative; descriptive; structural","no","irregular","period of record","hub",5,"federal",33.33,50,100,70,0,100,100,100,0,25,100,40,81.25,56.52,59.72
"p41","Giovanni","n41","Earth Science Division","NASA-ESD","NASA-ESD: Giovanni","National Aeronautics and Space Administration","10","https://giovanni.gsfc.nasa.gov/giovanni/","high","catalog","registration required","link to source; individual export","Not Applicable","netcdf; raster; shapefile","yes","pdf","yes","administrative; descriptive; structural","no","irregular","period of record","hub",5,"federal",100,100,100,30,100,33.33,100,100,0,25,100,100,56.25,69.57,70.83
"p42","Global Imagery Browse Services","n41","Earth Science Division","NASA-ESD","NASA-ESD: Global Imagery Browse Services","National Aeronautics and Space Administration","10","https://worldview.earthdata.nasa.gov/","high","catalog","yes","link to source","Indirect","unknown","yes","pdf","yes","administrative; descriptive; structural","no","irregular","period of record","hub",5,"federal",100,100,100,20,0,33.33,100,100,0,25,100,100,50,47.83,55.56
"p43","Socioeconomic Data and Applications Data Center","n41","Earth Science Division","NASA-ESD","NASA-ESD: Socioeconomic Data and Applications Data Center","National Aeronautics and Space Administration","10","http://sedac.ciesin.columbia.edu/","high","catalog","registration required","web services; individual export","Not Applicable","shapefile","yes","xml","yes","administrative; descriptive; structural","yes","irregular","period of record","hub",5,"federal",100,100,100,70,60,100,100,100,100,25,100,100,81.25,78.26,81.94
"p44","Joint Agricultural Weather Facility","nMix","NOAA, USDA","NOAA, USDA","Joint: Agricultural Weather Facility","NOAA, USDA",NA,"https://www.usda.gov/oce/weather/","low","website","yes","individual export","Not Applicable","pdf","no","no","no","no","no","irregular","limited record","hub",5,"federal",33.33,50,100,40,20,0,0,0,0,25,75,40,62.5,21.74,33.33
"p45","River Forecast Center","n42","Tennessee Valley Authority","TVA","TVA: River Forecast Center","Tennessee Valley Authority","10","https://www.tva.gov/","low","website","yes","copy and paste; individual export","Not Applicable","html; csv; excel","no","no","yes","no","no","daily or higher","current only","hub",5,"federal",33.33,50,100,30,100,0,100,0,0,100,50,40,56.25,56.52,54.17
"p46","Agricultural Research Database System","n03","Agricultural Research Service","USDA-ARS","USDA-ARS: Agricultural Research Database System","Department of Agriculture","2","https://www.nrrig.mwa.ars.usda.gov/stewards/stewards.html","medium","map","registration required","unknown","Not Applicable","unknown","yes","unknown","unknown","descriptive","unknown","irregular","unknown","hub",5,"federal",66.67,100,100,0,0,33.33,0,33.33,0,25,0,80,37.5,13.04,27.78
"p47","QuickStats","n04","National Agricultural Statistics Service","USDA-NASS","USDA-NASS: QuickStats","Department of Agriculture","2","https://quickstats.nass.usda.gov/","medium","catalog","yes","web services; individual export","Not Applicable","csv; html","no","no","yes","no","no","irregular","period of record","hub",5,"federal",66.67,100,100,70,100,0,100,0,0,25,100,80,81.25,52.17,62.5
"p48","National Water and Climate Center","n05","Natural Resources Conservation Service","USDA-NRCS","USDA-NRCS: National Water and Climate Center","Department of Agriculture","2","https://www.wcc.nrcs.usda.gov/webmap/","high","map; catalog","yes","individual export; batch export","Not Applicable","csv; html","yes","in data","yes","administrative; descriptive","no","daily or higher","period of record","hub",5,"federal",100,100,100,50,100,33.33,100,66.67,0,100,100,100,68.75,78.26,79.17
"p37","Environmental Statistics","n29","Agricultural Statistics","DACS-Ag Statistics","DACS-Ag Statistics: Environmental Statistics","Department of Agriculture and Consumer Services","3","http://www.ncagr.gov/stats/environmental/index.htm","low","website","yes","individual export; copy and paste","Not Applicable","pdf","no","no","no","no","no","irregular","period of record","hub",5,"nc",33.33,50,100,30,20,0,0,0,0,25,100,40,56.25,26.09,34.72
"p38","Weather and Crop Reports","n29","Agricultural Statistics","DACS-Ag Statistics","DACS-Ag Statistics: Weather and Crop Reports","Department of Agriculture and Consumer Services","3","http://www.ncagr.gov/stats/weather/weather.htm","low","website","yes","individual export; copy and paste","Not Applicable","pdf","yes","in data","no","administrative","no","weekly or higher","limited record","hub",5,"nc",33.33,50,100,30,20,33.33,0,33.33,0,75,75,40,56.25,39.13,43.06
"p39","Water Quality","n32","North Carolina Forest Service","DACS-Forest Service","DACS-Forest Service: Water Quality","Department of Agriculture and Consumer Services","3","http://www.ncforestservice.gov/water_quality/water_quality.htm#","low","website","yes","individual export; copy and paste","Not Applicable","pdf","no","no","no","no","no","yearly or higher","not applicable","hub",5,"nc",33.33,50,100,30,20,0,0,0,0,50,25,40,56.25,17.39,29.17
"p23","Ambient Lake Monitoring","n15","Biological Assessment Branch","DEQ-Biological Assessment","DEQ-Biological Assessment: Ambient Lake Monitoring","Department of Environmental Quality","2","https://deq.nc.gov/about/divisions/water-resources/water-resources-data/water-sciences-home-page/intensive-survey-branch","low","map; website","no","none","Not Applicable","none","yes","pdf","no","structural","no","irregular","unknown","hub",5,"nc",33.33,75,0,0,0,33.33,0,33.33,0,25,0,50,0,13.04,15.28
"p32","Coastal Management Science and Data","n27","Coastal Management","DEQ-Coastal","DEQ-Coastal: Coastal Management Science and Data","Department of Environmental Quality","2","https://deq.nc.gov/about/divisions/coastal-management/coastal-management-data/setback-factor-maps-1998-shoreline/wetlands-gis-data","medium","map; website","yes","individual export; web services","Not Applicable","shapefile","yes","broken link","unknown","unknown","unknown","irregular","current only","hub",5,"nc",66.67,75,100,70,60,0,0,0,0,25,50,70,81.25,26.09,44.44
"p28","Dam Safety","n24","Energy, Mineral, and Land Resources","DEQ-EMLR","DEQ-EMLR: Dam Safety","Department of Environmental Quality","2","https://deq.nc.gov/about/divisions/energy-mineral-land-resources/energy-mineral-land-permits/dam-safety","low","website","yes","batch export","Not Applicable","excel","no","no","no","no","no","irregular","current only","hub",5,"nc",33.33,50,100,60,60,0,0,0,0,25,50,40,75,26.09,38.89
"p29","Stormwater","n24","Energy, Mineral, and Land Resources","DEQ-EMLR","DEQ-EMLR: Stormwater","Department of Environmental Quality","2","https://deq.nc.gov/sw-maps","medium","map; website","yes","individual export","Not Applicable","shapefile; zip; excel","yes","pdf","no","administrative; descriptive","no","irregular","current only","hub",5,"nc",66.67,75,100,40,60,33.33,0,66.67,0,25,50,70,62.5,39.13,48.61
"p30","NPDES MS4 Permitting","n24","Energy, Mineral, and Land Resources","DEQ-EMLR","DEQ-EMLR: NPDES MS4 Permitting","Department of Environmental Quality","2","https://deq.nc.gov/about/divisions/energy-mineral-land-resources/energy-mineral-land-permits/stormwater-permits/npdes-ms4","medium","map; website","yes","none","Not Applicable","none","no","no","no","no","no","unknown","not applicable","hub",5,"nc",66.67,75,100,0,0,0,0,0,0,0,25,70,37.5,4.35,20.83
"p31","Water Supply Watershed Protection Program","n24","Energy, Mineral, and Land Resources","DEQ-EMLR","DEQ-EMLR: Water Supply Watershed Protection Program","Department of Environmental Quality","2","https://deq.nc.gov/about/divisions/energy-mineral-land-resources/water-supply-watershed-protection-program","medium","map","yes","web services","Not Applicable","shapefile","yes","json; html","no","descriptive","no","irregular","current only","hub",5,"nc",66.67,100,100,100,60,100,0,33.33,0,25,50,80,100,43.48,61.11
"p17","Collection System Facility Map","n21","Pretreatment, Emergency Response, and Collection Systems Branch","DEQ-Facilities","DEQ-Facilities: Collection System Facility Map","Department of Environmental Quality","2","https://deq.nc.gov/about/divisions/water-resources/water-resources-permits/wastewater-branch/collection-systems/collection-system-facility-map","medium","map","yes","copy and paste","Not Applicable","html","no","no","no","no","no","unknown","current only","hub",5,"nc",66.67,100,100,20,100,0,0,0,0,0,50,80,50,30.43,41.67
"p18","Non-Discharge Branch Map","n18","Nondischarge Permitting Branch","DEQ-Non-discharge Permits","DEQ-Non-discharge Permits: Non-Discharge Branch Map","Department of Environmental Quality","2","https://ncdenr.maps.arcgis.com/apps/webappviewer/index.html?id=87eddfd9d45a40a3999c3bba4d7e0eed","medium","map","yes","copy and paste; web services","Not Applicable","html; shapefile","no","no","no","no","no","unknown","current only","hub",5,"nc",66.67,100,100,60,100,0,0,0,0,0,50,80,75,30.43,47.22
"p20","NPDES Compliance and Assistance Program","n05","Water Resources Enforcement","DEQ-NPDES","DEQ-NPDES: NPDES Compliance and Assistance Program","Department of Environmental Quality","2","https://deq.nc.gov/about/divisions/water-resources/water-resources-enforcement/npdes-enforcement/water-quality-enforcement-actions","low","website","yes","individual export","Not Applicable","pdf","no","no","no","no","no","monthly or higher","limited record","hub",5,"nc",33.33,50,100,40,20,0,0,0,0,75,75,40,62.5,30.43,38.89
"p34","NCDEQ Online GIS","n02","Department of Environmental Quality","DEQ-Online GIS","DEQ-Online GIS: NCDEQ Online GIS","Department of Environmental Quality","2","http://data-ncdenr.opendata.arcgis.com/","high","catalog","yes","individual export; web services","Not Applicable","shapefile; raster; kml; geodatabase; csv","yes","json; html","no","administrative; descriptive","yes","irregular","varies","hub",5,"nc",100,100,100,70,100,100,0,66.67,100,25,25,100,81.25,60.87,70.83
"p33","Application Tracker",NA,"Permits and Rules","DEQ-Permits and Rules","DEQ-Permits and Rules: Application Tracker","Departmetn of Environmental Quality","2","https://deq.nc.gov/permits-regulations/permit-guidance/environmental-application-tracker","high","map","no","none","Not Applicable","none","no","no","no","no","no","daily or higher","current only","hub",5,"nc",100,100,0,0,0,0,0,0,0,100,50,100,0,26.09,30.56
"p07","Sampling Status Report","n06","Public Water Supply","DEQ-Public Water Supply","DEQ-Public Water Supply: Sampling Status Report","Department of Environmental Quality","2","https://pws.ncwater.org/PWSReports/pages/default.aspx","low","website","yes","individual export","Not Applicable","pdf","no","in data","no","administrative","no","irregular","limited record","hub",5,"nc",33.33,50,100,40,20,33.33,0,33.33,0,25,75,40,62.5,30.43,38.89
"p08","Drinking Water Watch","n06","Public Water Supply","DEQ-Public Water Supply","DEQ-Public Water Supply: Drinking Water Watch","Department of Environmental Quality","2","https://www.pwss.enr.state.nc.us/NCDWW2/","low","website","yes","copy and paste","Not Applicable","html","no","no","no","no","no","irregular","limited record","hub",5,"nc",33.33,50,100,20,100,0,0,0,0,25,75,40,50,39.13,41.67
"p25","Environmental Documents","n03","Water Infrastructure","DEQ-Water Infrastructure","DEQ-Water Infrastructure: Environmental Documents","Department of Environmental Quality","2","http://portal.ncdenr.org/web/wi/environmental-documents","low","website","yes","individual export","Not Applicable","pdf","yes","in data","yes","structural","no","irregular","not applicable","hub",5,"nc",33.33,50,100,40,20,33.33,100,33.33,0,25,25,40,62.5,30.43,38.89
"p26","Master Plan","n03","Water Infrastructure","DEQ-Water Infrastructure","DEQ-Water Infrastructure: Master Plan","Department of Environmental Quality","2","http://portal.ncdenr.org/web/wi/master-plan","low","website","yes","individual export","Not Applicable","pdf","no","no","no","no","no","irregular","not applicable","hub",5,"nc",33.33,50,100,40,20,0,0,0,0,25,25,40,62.5,13.04,27.78
"p27","Environmental Finance Center Reports","n03","Water Infrastructure","DEQ-Water Infrastructure","DEQ-Water Infrastructure: Environmental Finance Center Reports","Department of Environmental Quality","2","http://portal.ncdenr.org/web/wi/efc-reports","low","website","yes","individual export","Not Applicable","pdf","no","no","no","no","no","irregular","not applicable","hub",5,"nc",33.33,50,100,40,20,0,0,0,0,25,25,40,62.5,13.04,27.78
"p10","Local Water Supply Plans","n07","Water Planning","DEQ-Water Planning","DEQ-Water Planning: Local Water Supply Plans","Department of Environmental Quality","2","https://www.ncwater.org/Water_Supply_Planning/Local_Water_Supply_Plan/index.php","low","website","yes","copy and paste","Not Applicable","html","no","in data","no","administrative; descriptive","no","yearly or higher","period of record","hub",5,"nc",33.33,50,100,20,100,33.33,0,66.67,0,50,100,40,50,60.87,55.56
"p11","Basin Planning","n07","Water Planning","DEQ-Water Planning","DEQ-Water Planning: Basin Planning","Department of Environmental Quality","2","https://deq.nc.gov/about/divisions/water-resources/planning/basin-planning/maps","medium","map; website","yes","web services; individual export","Not Applicable","pdf; shapefile","no","no","no","no","no","irregular","varies","hub",5,"nc",66.67,75,100,70,60,0,0,0,0,25,25,70,81.25,21.74,41.67
"p12","Classifications, Standards, and Rules Review","n07","Water Planning","DEQ-Water Planning","DEQ-Water Planning: Classifications, Standards, and Rules Review","Department of Environmental Quality","2","https://deq.nc.gov/about/divisions/water-resources/planning/classification-standards/classifications","medium","map","yes","link to source","Direct","shapefile; pdf","yes","html; json","yes","descriptive; structural","no","irregular","current only","hub",5,"nc",66.67,100,100,40,60,100,100,66.67,0,25,50,80,62.5,56.52,61.11
"p13","Groundwater Management","n07","Water Planning","DEQ-Water Planning","DEQ-Water Planning: Groundwater Management","Department of Environmental Quality","2","https://deq.nc.gov/about/divisions/water-resources/water-planning/ground-water-management-branch/ground-water-quality-monitoring","low","website","yes","individual export; copy and paste","Not Applicable","pdf; html","no","no","no","no","no","irregular","limited record","hub",5,"nc",33.33,50,100,30,100,0,0,0,0,25,75,40,56.25,39.13,43.06
"p14","Modeling & Assessment","n07","Water Planning","DEQ-Water Planning","DEQ-Water Planning: Modeling & Assessment","Department of Environmental Quality","2","https://deq.nc.gov/about/divisions/water-resources/planning/modeling-assessment","medium","map; website","yes","individual export","Not Applicable","pdf; shapefile; zip; excel","yes","pdf","no","descriptive","no","irregular","current only","hub",5,"nc",66.67,75,100,40,60,33.33,0,33.33,0,25,50,70,62.5,34.78,45.83
"p19","Transportation Permitting Branch","n17","Water Quality Permitting","DEQ-Water Quality Permits","DEQ-Water Quality Permits: Transportation Permitting Branch","Department of Environmental Quality","2","https://deq.nc.gov/about/divisions/water-resources/water-quality-permitting/transportation-permitting","none","unknown","no","unknown","Not Applicable","unknown","unknown","unknown","unknown","unknown","unknown","unknown","unknown","hub",5,"nc",0,0,0,0,0,33.33,0,0,0,0,0,0,0,4.35,2.78
"p16","Groundwater Protection","n12","Water Quality Regional Operations","DEQ-Water Quality Regional Ops","DEQ-Water Quality Regional Ops: Groundwater Protection","Department of Environmental Quality","2","https://deq.nc.gov/groundwater-facility-maps","medium","map","yes","copy and paste","Not Applicable","html","no","no","no","no","no","unknown","current only","hub",5,"nc",66.67,100,100,20,100,0,0,0,0,0,50,80,50,30.43,41.67
"p01","Online Document Library","n04","Water Resources","DEQ-Water Resources","DEQ-Water Resources: Online Document Library","Department of Environmental Quality","2","https://edocs.deq.nc.gov/WaterResources/Welcome.aspx?cr=1","low","website","yes","individual export","Not Applicable","pdf","yes","html","no","descriptive","no","irregular","limited record","hub",5,"nc",33.33,50,100,40,20,100,0,33.33,0,25,75,40,62.5,39.13,44.44
"p02","Forms, Reports, and Publications","n04","Water Resources","DEQ-Water Resources","DEQ-Water Resources: Forms, Reports, and Publications","Department of Environmental Quality","2","https://deq.nc.gov/about/divisions/water-resources/forms-publications","low","website","yes","individual export","Not Applicable","pdf","no","no","no","no","no","yearly or higher","period of record","hub",5,"nc",33.33,50,100,40,20,0,0,0,0,50,100,40,62.5,30.43,38.89
"p03","Electronic Discharge Monitoring Report","n04","Water Resources","DEQ-Water Resources","DEQ-Water Resources: Electronic Discharge Monitoring Report","Department of Environmental Quality","2","https://deq.nc.gov/about/divisions/water-resources/edmr","no","unknown","no","unknown","Not Applicable","unknown","unknown","unknown","unknown","unknown","unknown","unknown","unknown","hub",5,"nc",0,0,0,0,0,33.33,0,0,0,0,0,0,0,4.35,2.78
"p04","BasinWide Information Management System","n04","Water Resources","DEQ-Water Resources","DEQ-Water Resources: BasinWide Information Management System","Department of Environmental Quality","2","http://bimsportal.ncdenr.org:7001/Welcome.do","no","unknown","no","unknown","Not Applicable","unknown","unknown","unknown","unknown","unknown","unknown","unknown","unknown","hub",5,"nc",0,0,0,0,0,33.33,0,0,0,0,0,0,0,4.35,2.78
"p05","Water Resources Hot Topics","n04","Water Resources","DEQ-Water Resources","DEQ-Water Resources: Water Resources Hot Topics","Department of Environmental Quality","2","https://deq.nc.gov/about/divisions/water-resources/dwr-hot-topics","low","map; website","yes","individual export; link to source","Not Applicable","excel; pdf; shapefile; jpg","yes","no","no","no","no","irregular","limited record","hub",5,"nc",33.33,75,100,30,60,0,0,0,0,25,75,50,56.25,30.43,38.89
"p06","Public Water Supply","n04","Water Resources","DEQ-Water Resources","DEQ-Water Resources: Public Water Supply","Department of Environmental Quality","2","https://deq.nc.gov/about/divisions/water-resources/drinking-water/drinking-water-protection-program","low","website","yes","individual export","Not Applicable","pdf; shapefile","yes","html","yes","administrative","no","irregular","current only","hub",5,"nc",33.33,50,100,40,60,100,100,33.33,0,25,50,40,62.5,52.17,52.78
"p15","Groundwater","n04","Water Resources","DEQ-Water Resources","DEQ-Water Resources: Groundwater","Department of Environmental Quality","2","https://www.ncwater.org/?page=3","medium","map; website","yes","individual export; copy and paste","Not Applicable","txt; html","yes","html","no","administrative; descriptive","no","monthly or higher","period of record","hub",5,"nc",66.67,75,100,30,100,100,0,66.67,0,75,100,70,56.25,73.91,69.44
"p09","Watershed Assessment Team","n43","Water Sciences","DEQ-Water Sciences","DEQ-Water Sciences: Watershed Assessment Team","Department of Environmental Quality","2","https://deq.nc.gov/about/divisions/water-resources/water-resources-data/watershed-assessment-team","low","website","yes","individual export","Not Applicable","pdf","no","no","no","no","no","unknown","current only","hub",5,"nc",33.33,50,100,40,20,0,0,0,0,0,50,40,62.5,13.04,27.78
"p21","Reports, Publications, and Data","n43","Water Sciences","DEQ-Water Sciences","DEQ-Water Sciences: Reports, Publications, and Data","Department of Environmental Quality","2","https://deq.nc.gov/about/divisions/water-resources/water-resources-data/water-sciences-home-page/reports-publications-data","low","website","yes","individual export","Not Applicable","pdf","no","no","no","no","no","irregular","not applicable","hub",5,"nc",33.33,50,100,40,20,0,0,0,0,25,25,40,62.5,13.04,27.78
"p22","Aquatic Toxicology Branch","n43","Water Sciences","DEQ-Water Sciences","DEQ-Water Sciences: Aquatic Toxicology Branch","Department of Environmental Quality","2","https://deq.nc.gov/about/divisions/water-resources/water-resources-data/water-sciences-home-page/aquatic-toxicology-branch/downloads","low","website","no","unknown","Not Applicable","unknown","unknown","unknown","unknown","unknown","unknown","unknown","unknown","hub",5,"nc",33.33,50,0,0,0,33.33,0,0,0,0,0,40,0,4.35,8.33
"p24","Ecosystems Branch","n43","Water Sciences","DEQ-Water Sciences","DEQ-Water Sciences: Ecosystems Branch","Department of Environmental Quality","2","https://deq.nc.gov/about/divisions/water-resources/water-resources-data/water-sciences-home-page/ecosystems-branch/ambient-monitoring-system","low","website","no","link to source","Indirect","none","yes","no","yes","structural","no","yearly or higher","current only","hub",5,"nc",33.33,50,0,20,0,0,100,33.33,0,50,50,40,12.5,30.43,27.78
"p40","Environmental Compliance",NA,"Connect NCDOT","DOT-Env. Compliance","DOT-Env. Compliance: Environmental Compliance","Department of Transportation","6","https://connect.ncdot.gov/resources/Environmental/Pages/default.aspx","low","website","yes","individual export","Not Applicable","pdf","no","no","no","no","no","irregular","not applicable","hub",5,"nc",33.33,50,100,40,20,0,0,0,0,25,25,40,62.5,13.04,27.78
"p35","Non-Point Source Pollution Program","n38","On Site Water Protection","HHS-Water Protection","HHS-Water Protection: Non-Point Source Pollution Program","Department of Health and Human Services","5","https://ehs.ncpublichealth.com/oswp/nps/resources.htm","low","website","yes","individual export","Not Applicable","pdf","no","no","no","no","no","unknown","not applicable","hub",5,"nc",33.33,50,100,40,20,0,0,0,0,0,25,40,62.5,8.7,25
"p36","NC Onemap","n34","Geographic Information Coordinating Council","IT-GIS Data","IT-GIS Data: NC Onemap","Department of Information Technology","4","http://www.nconemap.com/","medium","map; catalog","yes","web services; individual export","Not Applicable","shapefile; raster; json; csv","yes","xml","no","administrative; descriptive; structural","yes","irregular","current only","hub",5,"nc",66.67,100,100,70,100,100,0,100,100,25,50,80,81.25,69.57,73.61
"p41","Floodplain Mapping and Management","n42","Risk Management","PS-Risk Management","PS-Risk Management: Floodplain Mapping and Management","Department of Public Safety","7","https://flood.nc.gov/ncflood/index.html","medium","map; catalog","yes","link to source; individual export","Not Applicable","pdf","yes","html","no","administrative","no","unknown","current only","hub",5,"nc",66.67,100,100,30,20,100,0,33.33,0,0,50,80,56.25,30.43,43.06
"p42","Flood Inundation Mapping and Alert Network","n42","Risk Management","PS-Risk Management","PS-Risk Management: Flood Inundation Mapping and Alert Network","Department of Public Safety","7","https://fiman.nc.gov/fiman/","high","map","yes","individual export; batch export","Not Applicable","excel; pdf","yes","html","no","descriptive","no","daily or higher","current only","hub",5,"nc",100,100,100,50,60,100,0,33.33,0,100,50,100,68.75,56.52,65.28
"p43","Flood Risk Information System","n42","Risk Management","PS-Risk Management","PS-Risk Management: Flood Risk Information System","Department of Public Safety","7","https://fris.nc.gov/fris/?ST=NC","high","map; catalog","yes","individual export; batch export","Not Applicable","zip; pdf; shapefile; geodatabase","yes","html","no","administrative","no","unknown","current only","hub",5,"nc",100,100,100,50,60,100,0,33.33,0,0,50,100,68.75,39.13,54.17
"p44","Spatial Data Download","n42","Risk Management","PS-Risk Management","PS-Risk Management: Spatial Data Download","Department of Public Safety","7","https://sdd.nc.gov/sdd/","high","map","registration required","batch export","Not Applicable","geodatabase; shapefile","yes","broken link","unknown","unknown","unknown","unknown","unknown","hub",5,"nc",100,100,100,60,60,0,0,0,0,0,0,100,75,13.04,38.89
"p02","State Forestry","n13","Forest and Watershed Health Program","EMNRD","EMNRD: State Forestry","Govenors Office","4","https://nm-emnrd.maps.arcgis.com/apps/webappviewer/index.html?id=3e82558620c24942b52e489baa6461af","medium","website","no","none","Not Applicable","unknown","unknown","unknown","unknown","unknown","unknown","unknown","varies","hub",5,"nm",66.67,50,0,0,0,33.33,0,0,0,0,25,60,0,8.7,13.89
"p03","Data and Statistics","n17","Environmental Bureau","EMNRD-OCD","EMNRD-OCD: Data and Statistics","Govenors Office","4","http://www.emnrd.state.nm.us/OCD/statistics.html","medium","website","yes","individual export; batch export; link to source","Not Applicable","pdf; excel; xml","some","html; excel","yes","administrative","no","varies","varies","hub",5,"nm",66.67,50,100,40,100,83.33,100,33.33,0,25,25,60,62.5,54.35,56.94
"p04","Well Data","n16","Oil Conservation Division","EMNRD-OCD","EMNRD-OCD: Well Data","Govenors Office","4","ftp://164.64.106.6/Public/OCD/","low","website","yes","ftp; individual export; batch export","Not Applicable","zip; shapefile; geodatabase; kmz","yes","pdf; excel","yes","administrative; descriptive; structural","yes","varies","varies","hub",5,"nm",33.33,50,100,60,60,50,100,100,100,25,25,40,75,58.7,59.72
"p05","OCD Permitting Well Search","n16","Oil Conservation Division","EMNRD-OCD","EMNRD-OCD: OCD Permitting Well Search","Govenors Office","4","https://wwwapps.emnrd.state.nm.us/ocd/ocdpermitting/Data/Wells.aspx#","low","website; catalog","yes","individual export; batch export","Not Applicable","excel","yes","html","yes","descriptive","no","unknown","period of record","hub",5,"nm",33.33,75,100,50,60,100,100,33.33,0,0,100,50,68.75,56.52,58.33
"p10","Interactive GIS Mapper","n18","Environment Department","ENV","ENV: Interactive GIS Mapper","Govenors Office","4","https://gis.web.env.nm.gov/oem/?map=swqb","low","catalog; map","yes","link to source; web services","Not Applicable","json; geojson; unknown","yes","html","no","descriptive","yes","unknown","varies","hub",5,"nm",33.33,100,100,60,100,100,0,33.33,100,0,25,60,75,52.17,58.33
"p13","Infrastructure Development Report","n28","Construction Programs Bureau","ENV-Construction","ENV-Construction: Infrastructure Development Report","Govenors Office","4","https://www.env.nm.gov/construction-programs/cpb-forms-and-documents/","low","website","yes","individual export","Not Applicable","pdf","no","no","no","no","no","yearly or higher","current only","hub",5,"nm",33.33,50,100,40,20,0,0,0,0,50,50,40,62.5,21.74,33.33
"p42","Los Alamos Oversight Section","n54","DOE Oversight Bureau","ENV-DOE-OB","ENV-DOE-OB: Los Alamos Oversight Section","Govenors Office","4","https://www.intellusnm.com/","low","catalog; map","yes","individual export; batch export","Not Applicable","excel; shapefile; zip","yes","html","yes","descriptive; administrative","unknown","unknown","limited record","hub",5,"nm",33.33,100,100,50,60,100,100,66.67,0,0,75,60,68.75,56.52,59.72
"p43","Sandia Oversight Section","n54","DOE Oversight Bureau","ENV-DOE-OB","ENV-DOE-OB: Sandia Oversight Section","Govenors Office","4","https://www.env.nm.gov/doeob/doe-ob-sos-data/","low","website","yes","individual export","Not Applicable","pdf","yes","pdf","no","administrative","no","yearly or higher","period of record","hub",5,"nm",33.33,50,100,40,20,33.33,0,33.33,0,50,100,40,62.5,39.13,44.44
"p06","Drinking Water Watch","n20","Drinking Water Bureau","ENV-DWW","ENV-DWW: Drinking Water Watch","Govenors Office","4","https://dww.water.net.env.nm.gov/NMDWW/","medium","website; catalog","yes","individual export","Not Applicable","html","no","no","no","no","no","unknown","limited record","hub",5,"nm",66.67,75,100,40,100,0,0,0,0,0,75,70,62.5,34.78,45.83
"p15","Environmental Public Health Tracking","n36","Environmental Health Epidemiology Bureau","ENV-EHEB","ENV-EHEB: Environmental Public Health Tracking","Govenors Office","4","https://nmtracking.org/dataportal/","medium","catalog","yes; permission required","individual export; link to source","Not Applicable","html; excel; xml","yes","html","yes","administrative; descriptive; structural","yes","yearly or higher","limited record","hub",5,"nm",66.67,100,33.33,30,100,100,100,100,100,50,75,80,31.25,86.96,73.61
"p16","Environmental Health Data","n36","Environmental Health Epidemiology Bureau","ENV-EHEB","ENV-EHEB: Environmental Health Data","Govenors Office","4","https://nmhealth.org/data/environment/","medium","website","yes","individual export","Not Applicable","pdf","yes","pdf","yes","descriptive","no","unknown","limited record","hub",5,"nm",66.67,50,100,40,20,33.33,100,33.33,0,0,75,60,62.5,34.78,44.44
"p12","Weekly Stocking Report","n29","Game and Fish Department","ENV-Game & Fish","ENV-Game & Fish: Weekly Stocking Report","Govenors Office","4","http://www.wildlife.state.nm.us/fishing/weekly-report/","low","website","yes","individual export","Not Applicable","pdf","no","no","no","no","no","weekly or higher","limited record","hub",5,"nm",33.33,50,100,40,20,0,0,0,0,75,75,40,62.5,30.43,38.89
"p07","List of Ag Discharge Permits","n21","Ground Water Quality Bureau","ENV-GWQB","ENV-GWQB: List of Ag Discharge Permits","Govenors Office","4","https://www.env.nm.gov/gwqb/acs/","low","website","yes","batch export","Not Applicable","excel","no","no","no","no","no","unknown","period of record","hub",5,"nm",33.33,50,100,60,60,0,0,0,0,0,100,40,75,30.43,41.67
"p08","Remediation & Superfund Sites","n21","Ground Water Quality Bureau","ENV-GWQB","ENV-GWQB: Remediation & Superfund Sites","Govenors Office","4","https://www.env.nm.gov/gwqb/ros/","low","website","yes","batch export; copy and paste","Not Applicable","pdf; excel; html","no","no","no","no","no","unknown","period of record","hub",5,"nm",33.33,50,100,40,100,0,0,0,0,0,100,40,62.5,39.13,44.44
"p14","Wastewater Treatment System Permit Finder","n31","Liquid Waste Program","ENV-Liquid Waste Bureau","ENV-Liquid Waste Bureau: Wastewater Treatment System Permit Finder","Govenors Office","4","https://lwop.waste.web.env.nm.gov/wwtspf/","low","website","no","individual export","Not Applicable","unknown","unknown","unknown","unknown","unknown","unknown","unknown","period of record","hub",5,"nm",33.33,50,0,40,0,33.33,0,0,0,0,100,40,25,21.74,25
"p09","Total Maximum Daily Loads","n24","Surface Water Quality Bureau","ENV-SWQB","ENV-SWQB: Total Maximum Daily Loads","Govenors Office","4","https://www.env.nm.gov/surface-water-quality/tmdl/","low","website","yes","batch export","Not Applicable","pdf; excel","no","pdf","no","administrative","no","yearly or higher","limited record","hub",5,"nm",33.33,50,100,60,60,33.33,0,33.33,0,50,75,40,75,43.48,50
"p11","NPDES Permits","n26","Point Source Regulation Section","ENV-SWQB","ENV-SWQB: NPDES Permits","Govenors Office","4","https://www.env.nm.gov/surface-water-quality/npdes-permits/","low","website","yes","individual export","Not Applicable","pdf","yes","pdf","no","descriptive","no","unknown","current only","hub",5,"nm",33.33,50,100,40,20,33.33,0,33.33,0,0,50,40,62.5,21.74,33.33
"p41","New Mexico Climate Center","n50","New Mexico Climate Center","NMSU","NMSU: New Mexico Climate Center","Adjunct Agency","5","https://weather.nmsu.edu/","low","website; catalog","yes","individual export; link to source","Not Applicable","html; jpeg; csv","yes","html","no","descriptive; administrative","unknown","daily or higher","limited record","hub",5,"nm",33.33,75,100,30,100,100,0,66.67,0,100,75,50,56.25,73.91,66.67
"p44","Statewide Water Assessment","n55","Water Resources Research Institute","NMSU","NMSU: Statewide Water Assessment","Adjunct Agency","5","https://nmwrri.nmsu.edu/category-blocks-swa/#DSWB","low","website","yes","link to source","Not Applicable","unknown; pdf","yes","pdf; html","unknown","descriptive","unknown","unknown","period of record","hub",5,"nm",33.33,50,100,20,20,66.67,0,33.33,0,0,100,40,50,34.78,38.89
"p47","NMBGMR Interative Map","n60","Bureau of Geology and Mineral Resources","NMT-BGMR","NMT-BGMR: NMBGMR Interative Map","Adjunct Agency","5","https://maps.nmt.edu/","none","catalog; map","yes","individual export; batch export; web services","Not Applicable","csv","some","html","no","descriptive","some","unknown","period of record","hub",5,"nm",0,100,100,66.6,100,100,0,33.33,50,0,100,40,79.12,60.87,62.03
"p45","Produced Water Data","n57","GO-TECH","NMT-GO-TECH","NMT-GO-TECH: Produced Water Data","Adjunct Agency","5","http://octane.nmt.edu/gotech/Water/producedwater.aspx","low","website","yes","individual export; batch export","Not Applicable","html; excel","no","no","no","no","no","unknown","unknown","hub",5,"nm",33.33,50,100,50,100,0,0,0,0,0,0,40,68.75,21.74,34.72
"p17","NM Water Rights Reporting System","n39","Office of the State Engineer","OSE","OSE: NM Water Rights Reporting System","Adjunct Agency","5","http://nmwrrs.ose.state.nm.us/nmwrrs/index.html","high","website","yes","individual export","Not Applicable","pdf; html; excel; txt; csv","no","no","yes","no","no","unknown","period of record","hub",5,"nm",100,50,100,40,100,0,100,0,0,0,100,80,62.5,47.83,55.56
"p18","Points of Diversion","n39","Office of the State Engineer","OSE","OSE: Points of Diversion","Adjunct Agency","5","https://gis.ose.state.nm.us/gisapps/ose_pod_locations/","low","map","yes","batch export; individual export; web services","Not Applicable","csv; geojson; pdf","yes","html","yes","descriptive","yes","monthly or higher","varies","hub",5,"nm",33.33,100,100,66.6,100,100,100,33.33,100,75,25,60,79.12,73.91,73.14
"p19","Geospatial Open Data Site","n39","Office of the State Engineer","OSE","OSE: Geospatial Open Data Site","Adjunct Agency","5","https://www.ose.state.nm.us/GIS/maps.php","medium","catalog","yes","web services; batch export","Not Applicable","excel; geojson; shapefile; kml","yes","html","yes","administrative; descriptive; structural","yes","varies","current only","hub",5,"nm",66.67,100,100,80,100,100,100,100,100,25,50,80,87.5,78.26,80.56
"p20","Gallery for NM OSE","n39","Office of the State Engineer","OSE","OSE: Gallery for NM OSE","Adjunct Agency","5","https://ose.maps.arcgis.com/home/index.html","medium","catalog","yes","web services; batch export","Not Applicable","shapefile","yes","html","no","descriptive; administrative","yes","varies","varies","hub",5,"nm",66.67,100,100,80,60,100,0,66.67,100,25,25,80,87.5,52.17,63.89
"p21","Drought in New Mexico","n39","Office of the State Engineer","OSE","OSE: Drought in New Mexico","Adjunct Agency","5","https://www.ose.state.nm.us/Drought/index.php","low","website","yes","individual export; link to source","Not Applicable","pdf; jpg","no","no","no","no","no","daily or higher","current only","hub",5,"nm",33.33,50,100,30,20,0,0,0,0,100,50,40,56.25,30.43,37.5
"p22","Water Planning in New Mexico","n39","Office of the State Engineer","OSE","OSE: Water Planning in New Mexico","Adjunct Agency","5","https://www.ose.state.nm.us/Library/","low","website","no","individual export","Not Applicable","pdf","some","pdf","yes","administrative; descriptive","no","varies","period of record","hub",5,"nm",33.33,50,0,40,20,33.33,100,66.67,0,25,100,40,25,47.83,41.67
"p35","Aquifer Test","n44","Hydrology Bureau","OSE-Hydrology","OSE-Hydrology: Aquifer Test","Adjunct Agency","5","https://www.ose.state.nm.us/Hydrology/aquifer.php","low","website","yes","batch export","Not Applicable","pdf; excel","yes","excel","yes","administrative","no","unknown","period of record","hub",5,"nm",33.33,50,100,60,60,66.67,100,33.33,0,0,100,40,75,52.17,55.56
"p36","Espanola Basin Technology Advisory Group GIS Data","n44","Hydrology Bureau","OSE-Hydrology","OSE-Hydrology: Espanola Basin Technology Advisory Group GIS Data","Adjunct Agency","5","https://www.ose.state.nm.us/Hydrology/EBTAG.php","low","website","yes","individual export; batch export","Not Applicable","zip; shapefile","some","html","no","administrative; descriptive","some","unknown","current only","hub",5,"nm",33.33,50,100,50,60,100,0,66.67,50,0,50,40,68.75,47.83,51.39
"p37","Statewide Groundwater Level Monitoring Program","n44","Hydrology Bureau","OSE-Hydrology","OSE-Hydrology: Statewide Groundwater Level Monitoring Program","Adjunct Agency","5","https://www.ose.state.nm.us/Hydrology/groundWater.php","low","website","yes","link to source","Direct","unknown","yes","in data","yes","administrative; descriptive","no","daily or higher","period of record","hub",5,"nm",33.33,50,100,40,0,33.33,100,66.67,0,100,100,40,62.5,56.52,55.56
"p23","Canadian River Basin","n40","Interstate Stream Commission Program","OSE-ISC","OSE-ISC: Canadian River Basin","Adjunct Agency","5","https://www.ose.state.nm.us/Basins/Canadian/isc_Canadian.php","low","website","yes","link to source","Direct","unknown","some","unknown","no","unknown","some","daily or higher","period of record","hub",5,"nm",33.33,50,100,40,0,33.33,0,0,50,100,100,40,62.5,43.48,47.22
"p24","Colorado River Basin","n40","Interstate Stream Commission Program","OSE-ISC","OSE-ISC: Colorado River Basin","Adjunct Agency","5","https://www.ose.state.nm.us/Basins/Colorado/isc_Colorado.php","low","website","yes","link to source","Direct","unknown","some","unknown","no","unknown","some","daily or higher","period of record","hub",5,"nm",33.33,50,100,40,0,33.33,0,0,50,100,100,40,62.5,43.48,47.22
"p25","Pecos River Basin","n40","Interstate Stream Commission Program","OSE-ISC","OSE-ISC: Pecos River Basin","Adjunct Agency","5","https://www.ose.state.nm.us/Basins/Pecos/isc_Pecos.php","low","website","yes","link to source","Direct","unknown; excel; html; jpg; pdf","some","unknown","no","unknown","some","daily or higher","limited record","hub",5,"nm",33.33,50,100,40,100,33.33,0,0,50,100,75,40,62.5,60.87,58.33
"p26","Rio Grande River Basin","n40","Interstate Stream Commission Program","OSE-ISC","OSE-ISC: Rio Grande River Basin","Adjunct Agency","5","https://www.ose.state.nm.us/Basins/RioGrande/index.php","low","website","yes","link to source","Direct","unknown; jpeg; html","some","unknown","no","unknown","some","daily or higher","limited record","hub",5,"nm",33.33,50,100,40,100,33.33,0,0,50,100,75,40,62.5,60.87,58.33
"p27","Lower Pecos River Basin","n40","Interstate Stream Commission Program","OSE-ISC","OSE-ISC: Lower Pecos River Basin","Adjunct Agency","5","https://www.ose.state.nm.us/Basins/LowerPecos/index.php","low","website","yes","link to source","Direct","unknown; pdf","no","no","no","no","no","yearly or higher","period of record","hub",5,"nm",33.33,50,100,40,20,0,0,0,0,50,100,40,62.5,30.43,38.89
"p28","Mimbres River Basin","n40","Interstate Stream Commission Program","OSE-ISC","OSE-ISC: Mimbres River Basin","Adjunct Agency","5","https://www.ose.state.nm.us/Basins/Mimbres/index.php","low","website","yes","link to source","Direct","unknown; pdf","no","no","no","no","no","unknown","limited record","hub",5,"nm",33.33,50,100,40,20,0,0,0,0,0,75,40,62.5,17.39,30.56
"p29","Rio Chama River Basin","n40","Interstate Stream Commission Program","OSE-ISC","OSE-ISC: Rio Chama River Basin","Adjunct Agency","5","https://www.ose.state.nm.us/Basins/RioChama/index.php","low","website","yes","link to source","Direct","unknown; pdf","no","no","yes","no","no","unknown","limited record","hub",5,"nm",33.33,50,100,40,20,0,100,0,0,0,75,40,62.5,26.09,36.11
"p30","Rio Gallinas River Basin","n40","Interstate Stream Commission Program","OSE-ISC","OSE-ISC: Rio Gallinas River Basin","Adjunct Agency","5","https://www.ose.state.nm.us/Basins/RioGallinas/index.php","low","website","yes","link to source","Direct","unknown; jpeg; html","some","unknown","yes","unknown","some","unknown","limited record","hub",5,"nm",33.33,50,100,40,100,33.33,100,0,50,0,75,40,62.5,52.17,52.78
"p31","River Basin Compacts","n40","Interstate Stream Commission Program","OSE-ISC","OSE-ISC: River Basin Compacts","Adjunct Agency","5","https://www.ose.state.nm.us/ISC/isc_compacts.php","low","website","yes","individual export","Not Applicable","pdf","yes","pdf","yes","descriptive","no","unknown","current only","hub",5,"nm",33.33,50,100,40,20,33.33,100,33.33,0,0,50,40,62.5,30.43,38.89
"p32","Strategic Water Reserve","n40","Interstate Stream Commission Program","OSE-ISC","OSE-ISC: Strategic Water Reserve","Adjunct Agency","5","https://www.ose.state.nm.us/ISC/isc_SWR.php","low","website","yes","individual export","Not Applicable","pdf","no","no","no","no","no","yearly or higher","current only","hub",5,"nm",33.33,50,100,40,20,0,0,0,0,50,50,40,62.5,21.74,33.33
"p33","Water Master Reports","n41","Water Resources Allocation Program","OSE-WRAP","OSE-WRAP: Water Master Reports","Adjunct Agency","5","https://www.ose.state.nm.us/WM/watermasters.php","low","website","yes","individual export","Not Applicable","pdf","yes","pdf","yes","descriptive","no","yearly or higher","limited record","hub",5,"nm",33.33,50,100,40,20,33.33,100,33.33,0,50,75,40,62.5,43.48,47.22
"p34","Real Time Information & Measurement System","n41","Water Resources Allocation Program","OSE-WRAP","OSE-WRAP: Real Time Information & Measurement System","Adjunct Agency","5","http://meas.ose.state.nm.us/","medium","website","yes","link to source; individual export","Direct","pdf; html; jpg","some","unknown","no","unknown","some","daily or higher","current only","hub",5,"nm",66.67,50,100,30,100,33.33,0,0,50,100,50,60,56.25,56.52,56.94
"p38","Water Use","n46","Water Use and Conservation","OSE-WUC","OSE-WUC: Water Use","Adjunct Agency","5","https://www.ose.state.nm.us/WUC/wuc_waterUseData.php","low","website","yes","individual export","Not Applicable","pdf","no","no","no","no","no","unknown","period of record","hub",5,"nm",33.33,50,100,40,20,0,0,0,0,0,100,40,62.5,21.74,33.33
"p39","NM Water Audits","n46","Water Use and Conservation","OSE-WUC","OSE-WUC: NM Water Audits","Adjunct Agency","5","https://www.ose.state.nm.us/WUC/wuc_accounting.php","low","website","yes","individual export","Not Applicable","pdf","no","no","no","no","no","unknown","limited record","hub",5,"nm",33.33,50,100,40,20,0,0,0,0,0,75,40,62.5,17.39,30.56
"p40","Subdivision Review","n46","Water Use and Conservation","OSE-WUC","OSE-WUC: Subdivision Review","Adjunct Agency","5","https://www.ose.state.nm.us/Subdiv/subdiv.php","low","website","yes","individual export","Not Applicable","pdf","no","no","no","no","no","unknown","period of record","hub",5,"nm",33.33,50,100,40,20,0,0,0,0,0,100,40,62.5,21.74,33.33
"p01","Oil, Gas, Minerals, PAs, and UAs","n03","Oil, Gas and Minerals","State Land","State Land: Oil, Gas, Minerals, PAs, and UAs","State Land Office","2","http://mapservice.nmstatelands.org/OilGasMinerals/","low","website","no","none","Not Applicable","unknown","unknown","unknown","unknown","unknown","unknown","unknown","unknown","hub",5,"nm",33.33,50,0,0,0,33.33,0,0,0,0,0,40,0,4.35,8.33
"p46","Resource Geographic Information System (RGIS)","n59","Earth Data Analysis Center","UNM-EDAC","UNM-EDAC: Resource Geographic Information System (RGIS)","Adjunct Agency","5","http://rgis.unm.edu/","medium","catalog","yes","individual export; web services; link to source","Not Applicable","raster; shapefile; kml; geojson; json; csv; excel; zip; png","yes","xml; html","yes","descriptive; administrative","yes","varies","varies","hub",5,"nm",66.67,100,100,53.4,100,100,100,66.67,100,25,25,80,70.88,69.57,71.31
"p25","AWQMS","n13","Water Quality Program","DEQ","DEQ: AWQMS","Department of Environmental Quality","4","https://orwater.deq.state.or.us/Login.aspx","high","unknown","registration required","unknown","Not Applicable","unknown","unknown","unknown","unknown","unknown","unknown","unknown","unknown","hub",5,"or",100,0,100,0,0,33.33,0,0,0,0,0,60,37.5,4.35,19.44
"p26","Drinking Water Protection Interactive Viewer","n12","Department of Environmental Quality","DEQ","DEQ: Drinking Water Protection Interactive Viewer","Department of Environmental Quality","4","https://hdcgcx2.deq.state.or.us/HVR291/index.html?viewer=drinkingwater","high","map","yes","batch export","Not Applicable","csv; excel; shapefile","no","no","no","no","no","unknown","unknown","hub",5,"or",100,100,100,60,100,0,0,0,0,0,0,100,75,21.74,44.44
"p27","Facility Profiler-Lite","n13","Department of Environmental Quality","DEQ","DEQ: Facility Profiler-Lite","Department of Environmental Quality","4","https://hdcgcx1.deq.state.or.us/Html5viewer291/?viewer=FacilityProfilerLite","low","map","yes","copy and paste","Not Applicable","pdf; png; tiff","yes","in data","yes","administrative","no","daily or higher","current only","hub",5,"or",33.33,100,100,20,60,33.33,100,33.33,0,100,50,60,50,56.52,55.56
"p28","La Pine Demonstration Project","n13","Water Quality Program","DEQ","DEQ: La Pine Demonstration Project","Department of Environmental Quality","4","https://www.deq.state.or.us/wq/groundwater/lapine/siterptcriteria.asp","high","catalog","yes","individual export","Not Applicable","csv; html","no","no","no","no","no","daily or higher","period of record","hub",5,"or",100,100,100,40,100,0,0,0,0,100,100,100,62.5,56.52,63.89
"p29","Stream Location Identification Tool","n13","Water Quality Program","DEQ","DEQ: Stream Location Identification Tool","Department of Environmental Quality","4","https://hdcgcx2.deq.state.or.us/HVR291/?viewer=wqslit","high","map","yes","none","Not Applicable","unknown","unknown","unknown","unknown","unknown","unknown","unknown","current only","hub",5,"or",100,100,100,0,0,33.33,0,0,0,0,50,100,37.5,13.04,30.56
"p31","Source Water Protection","n13","Water Quality Program","DEQ","DEQ: Source Water Protection","Department of Environmental Quality","4","https://www.oregon.gov/deq/wq/programs/Pages/DWP-Maps.aspx","medium","website","yes","full export","Not Applicable","zip; pdf; shapefile","yes","txt","no","descriptive","yes","yearly or higher","current only","hub",5,"or",66.67,50,100,60,60,100,0,33.33,100,50,50,60,75,56.52,61.11
"p33","Wastewater Permits Reports Database","n13","Water Quality Program","DEQ","DEQ: Wastewater Permits Reports Database","Department of Environmental Quality","4","https://www.deq.state.or.us/wq/sisdata/sisdata.asp","high","catalog","yes","batch export; individual export; copy and paste","Not Applicable","csv; html","yes","in data","no","administrative; descriptive; structural","no","daily or higher","period of record","hub",5,"or",100,100,100,40,100,33.33,0,100,0,100,100,100,62.5,73.91,75
"p34","Toxics Monitoring Network Map","n12","Department of Environmental Quality","DEQ","DEQ: Toxics Monitoring Network Map","Department of Environmental Quality","4","https://hdcgcx2.deq.state.or.us/Html5Viewer211/?viewer=toxmonnet","low","map","yes","none","Not Applicable","csv; excel; shapefile","no","no","no","no","no","unknown","period of record","hub",5,"or",33.33,100,100,0,100,0,0,0,0,0,100,60,37.5,39.13,41.67
"p35","Geographic Information Systems","n12","Department of Environmental Quality","DEQ","DEQ: Geographic Information Systems","Department of Environmental Quality","4","https://www.oregon.gov/deq/Data-and-Reports/Pages/GIS.aspx","high","website","yes","full export; individual export","Not Applicable","zip; shapefile; geodatabase; pdf","yes","html","no","administrative","no","varies","period of record","hub",5,"or",100,50,100,50,60,100,0,33.33,0,25,100,80,68.75,52.17,59.72
"p36","Mapping and GIS Data","n13","Water Quality Program","DEQ","DEQ: Mapping and GIS Data","Department of Environmental Quality","4","https://www.oregon.gov/deq/wq/programs/Pages/DWP-Maps.aspx","medium","website","yes","individual export","Not Applicable","excel; pdf","some","in data; pdf","no","administrative","no","unknown","current only","hub",5,"or",66.67,50,100,40,60,33.33,0,33.33,0,0,50,60,62.5,30.43,41.67
"p37","2018/2020 Integrated Report Database","n13","Water Quality Program","DEQ","DEQ: 2018/2020 Integrated Report Database","Department of Environmental Quality","4","https://www.oregon.gov/deq/wq/Pages/2018-Integrated-Report.aspx","medium","catalog","yes","batch export","Not Applicable","zip; excel; geodatabase","yes","html; pdf; excel","yes","descriptive; administrative","yes","varies","period of record","hub",5,"or",66.67,100,100,60,60,66.67,100,66.67,100,25,100,80,75,69.57,72.22
"p39","2012 Integrated Report Assessment Database ","n13","Water Quality Program","DEQ","DEQ: 2012 Integrated Report Assessment Database ","Department of Environmental Quality","4","https://www.deq.state.or.us/wq/assessment/rpt2012/search.asp","medium","catalog","yes","batch export","Not Applicable","excel; pdf","yes","pdf","yes","descriptive; administrative","yes","varies","period of record","hub",5,"or",66.67,100,100,60,60,33.33,100,66.67,100,25,100,80,75,65.22,69.44
"p40","Past Integrated Reports","n13","Water Quality Program","DEQ","DEQ: Past Integrated Reports","Department of Environmental Quality","4","https://www.oregon.gov/deq/wq/Pages/pastir.aspx","medium","website; catalog","yes","individual export; copy and paste","Not Applicable","geodatabase; pdf; html; excel","some","html; in data","yes","descriptive; administrative","no","varies","period of record","hub",5,"or",66.67,75,100,30,100,66.67,100,66.67,0,25,100,70,56.25,69.57,66.67
"p51","Interactive Maps and Geospatial Data","n26","Department of Geology and Mineral Industries","DOGAMI","DOGAMI: Interactive Maps and Geospatial Data","Department of Geology and Mineral Industries","11","https://www.oregongeology.org/gis/index.htm","medium","website","yes","full export","Not Applicable","zip; shapefile; tiff; geodatabase","yes","html","no","administrative","no","varies","current only","hub",5,"or",66.67,50,100,60,60,100,0,33.33,0,25,50,60,75,43.48,52.78
"p43","Maps & Data","n29","Department of Forestry","ODF","ODF: Maps & Data","Department of Forestry","13","https://www.oregon.gov/odf/AboutODF/Pages/MapsData.aspx","medium","website","yes","individual export","Not Applicable","shapefile; geodatabase","yes","pdf; html","yes","descriptive; administrative","some","weekly or higher","current only","hub",5,"or",66.67,50,100,40,60,66.67,100,66.67,50,75,50,60,62.5,65.22,63.89
"p38","Data Clearning House","n15","Department of Fish and Wildlife","ODFW","ODFW: Data Clearning House","Department of Fish and Wildlife","5","https://nrimp.dfw.state.or.us/DataClearinghouse/default.aspx?ReturnUrl=%2fDataClearinghouse%2f","low","catalog","yes","full export; link to source","Direct","excel; zip; shapefile; csv; txt","some","html","no","descriptive","no","varies","limited record","hub",5,"or",33.33,100,100,40,100,100,0,33.33,0,25,75,60,62.5,56.52,58.33
"p41","Oregon Fish Habitat Distribution and Barriers","n15","Fish Division","ODFW","ODFW: Oregon Fish Habitat Distribution and Barriers","Department of Fish and Wildlife","5","https://nrimp.dfw.state.or.us/FHD_FPB_Viewer/index.html","low","map","yes","batch export","Not Applicable","geodatabase","yes","html; xml","no","administrative","yes","unknown","current only","hub",5,"or",33.33,100,100,60,60,100,0,33.33,100,0,50,60,75,47.83,55.56
"p42","Compass","n15","Fish Division","ODFW","ODFW: Compass","Department of Fish and Wildlife","5","https://dfw.state.or.us/maps/compass/","low","map","yes","full export","Not Applicable","zip; shapefile; geodatabase","yes","pdf; xml","no","administrative; descriptive","no","unknown","limited record","hub",5,"or",33.33,100,100,60,60,66.67,0,66.67,0,0,75,60,75,43.48,52.78
"p44","Drinking Water Data Online","n20","Environmental Public Health","OHA","OHA: Drinking Water Data Online","Health Authority","7","https://yourwater.oregon.gov/","medium","catalog","yes","copy and paste; batch export","Not Applicable","html; excel","yes","in data","no","descriptive; administrative; structural","no","monthly or higher","limited record","hub",5,"or",66.67,100,100,40,100,33.33,0,100,0,75,75,80,62.5,65.22,66.67
"p45","Community Water","n20","Environmental Public Health","OHA","OHA: Community Water","Health Authority","7","https://www.oregon.gov/oha/PH/HEALTHYENVIRONMENTS/TRACKINGASSESSMENT/ENVIRONMENTALPUBLICHEALTHTRACKING/Pages/EPHT-Indicator-Community-Water.aspx","medium","website","yes","individual export","Not Applicable","excel","yes","html","no","administrative","no","unknown","period of record","hub",5,"or",66.67,50,100,40,60,100,0,33.33,0,0,100,60,62.5,47.83,52.78
"p02","Oregon Spatial Data Library","n28","Oregon","Open Data","Open Data: Oregon Spatial Data Library","Open Data","12","https://spatialdata.oregonexplorer.info/geoportal/","high","catalog","yes","individual export","Not Applicable","zip; geodatabase; shapefile","yes","xml; html","some","descriptive; administrative","yes","varies","current only","hub",5,"or",100,100,100,40,60,100,50,66.67,100,25,50,100,62.5,60.87,66.67
"p01","Open Data Portal","n27","Oregon","Oregon","Oregon: Open Data Portal","Oregon","1","https://data.oregon.gov/browse","medium","catalog","yes","full export; web services","Not Applicable","csv; rdf; rss; tsv; xml","yes","html","some","descriptive; administrative","yes","varies","varies","hub",5,"or",66.67,100,100,80,100,100,50,66.67,100,25,25,80,87.5,65.22,72.22
"p49","Historical Climate Data","n25","Oregon Climate Change Research Institute","OSU","OSU: Historical Climate Data","Oregon State University","10","http://ocs.oregonstate.edu/","low","website","yes","link to source","Indirect","unknown","unknown","unknown","unknown","unknown","unknown","daily or higher","period of record","hub",5,"or",33.33,50,100,20,0,33.33,0,0,0,100,100,40,50,39.13,41.67
"p50","Corvallis Data","n25","Oregon Climate Change Research Institute","OSU","OSU: Corvallis Data","Oregon State University","10","https://agsci.oregonstate.edu/hyslop-weather-station","medium","website","yes","copy and paste","Not Applicable","html","yes","html","no","descriptive","no","daily or higher","limited record","hub",5,"or",66.67,50,100,20,100,100,0,33.33,0,100,75,60,50,69.57,63.89
"p46","Investments","n23","Oregon Watershed Enhancement Board","OWEB","OWEB: Investments","Oregon Watershed Enhancement Board","9","https://digital.osl.state.or.us/islandora/object/osl:661369","medium","map; catalog","yes","none","Not Applicable","html; pdf","yes","html","no","descriptive","yes","unknown","current only","hub",5,"or",66.67,100,100,0,100,100,0,33.33,100,0,50,80,37.5,56.52,55.56
"p47","Oregon Watershed Restoration Inventory","n23","Oregon Watershed Enhancement Board","OWEB","OWEB: Oregon Watershed Restoration Inventory","Oregon Watershed Enhancement Board","9","https://www.oregon.gov/oweb/data-reporting/Pages/owri.aspx","high","website","yes","link to source; full export","Direct","geodatabase; shapefile; excel; access","yes","html","yes","administrative","no","yearly or higher","period of record","hub",5,"or",100,50,100,40,60,100,100,33.33,0,50,100,80,62.5,65.22,66.67
"p48","Oregon Explorer","n23","Oregon Watershed Enhancement Board","OWEB","OWEB: Oregon Explorer","Oregon Watershed Enhancement Board","9","https://tools.oregonexplorer.info/OE_HtmlViewer/Index.html?viewer=restoration_copy","medium","map; catalog","yes","none","Not Applicable","zip; shapefile; geodatabase","yes","xml","no","descriptive; administrative","yes","varies","period of record","hub",5,"or",66.67,100,100,0,60,100,0,66.67,100,25,100,80,37.5,65.22,61.11
"p03","Dam Inventory Query","n04","Streams, Lakes and Dams Program","OWRD","OWRD: Dam Inventory Query","Department of Water Resources","2","https://apps.wrd.state.or.us/apps/misc/dam_inventory/","medium","catalog","yes","batch export; individual export","Not Applicable","txt; pdf; png; html","yes","in data","no","descriptive; administrative; structural","no","yearly or higher","current only","hub",5,"or",66.67,100,100,50,100,33.33,0,100,0,50,50,80,68.75,56.52,62.5
"p04","Document Vault","n03","Water Rights Program","OWRD","OWRD: Document Vault","Department of Water Resources","2","https://apps.wrd.state.or.us/apps/misc/vault/","medium","catalog","yes","individual export","Not Applicable","pdf; png","some","in data","unknown","descriptive","no","unknown","limited record","hub",5,"or",66.67,100,100,40,20,33.33,0,33.33,0,0,75,80,62.5,26.09,41.67
"p05","Drought Status","n06","Climate Program","OWRD","OWRD: Drought Status","Department of Water Resources","2","https://apps.wrd.state.or.us/apps/wr/wr_drought/declaration_status_report.aspx","high","catalog","yes","individual export; copy and paste","Not Applicable","txt; html; png","no","no","no","no","no","weekly or higher","period of record","hub",5,"or",100,100,100,30,100,0,0,0,0,75,100,100,56.25,52.17,59.72
"p06","Well Report Query","n05","Groundwater and Wells Program","OWRD","OWRD: Well Report Query","Department of Water Resources","2","https://apps.wrd.state.or.us/apps/gw/well_log/Default.aspx","medium","catalog; map","yes","batch export; individual export; full export","Not Applicable","txt; pdf; geodatabase","yes","in data","no","descriptive; administrative","no","unknown","period of record","hub",5,"or",66.67,100,100,53.4,100,33.33,0,66.67,0,0,100,80,70.88,52.17,60.19
"p08","Data","n02","Department of Water Resources","OWRD","OWRD: Data","Department of Water Resources","2","https://www.oregon.gov/owrd/access_Data/Pages/Data.aspx","high","website","yes","link to source; full export","Direct","unknown; zip; geodatabase","yes","html","no","descriptive","yes","varies","varies","hub",5,"or",100,50,100,40,60,100,0,33.33,100,25,25,80,62.5,47.83,55.56
"p09","Historical Streamflow and Lake Level Data","n04","Streams, Lakes and Dams Program","OWRD","OWRD: Historical Streamflow and Lake Level Data","Department of Water Resources","2","https://apps.wrd.state.or.us/apps/sw/hydro_report/","high","catalog","yes","individual export","Not Applicable","csv; excel; txt","yes","html","no","descriptive; administrative","yes","daily or higher","limited record","hub",5,"or",100,100,100,40,100,100,0,66.67,100,100,75,100,62.5,82.61,80.56
"p10","Hydroelectric Projects  Query","n04","Streams, Lakes and Dams Program","OWRD","OWRD: Hydroelectric Projects  Query","Department of Water Resources","2","https://apps.wrd.state.or.us/apps/sw/hydro_electric_query/","high","catalog","yes","copy and paste","Not Applicable","html","no","no","no","no","no","unknown","current only","hub",5,"or",100,100,100,20,100,0,0,0,0,0,50,100,50,30.43,44.44
"p11","Watermaster District 17 - Klamath Basin Status","n02","Department of Water Resources","OWRD","OWRD: Watermaster District 17 - Klamath Basin Status","Department of Water Resources","2","https://apps.wrd.state.or.us/apps/misc/dsb_area_status/Default.aspx?wm_district=17","medium","website","yes","copy and paste; link to source","Not Applicable","html","no","no","no","no","no","yearly or higher","limited record","hub",5,"or",66.67,50,100,20,100,0,0,0,0,50,75,60,50,43.48,47.22
"p12","Klamath Tribal Instream Claim Dashboard","n02","Department of Water Resources","OWRD","OWRD: Klamath Tribal Instream Claim Dashboard","Department of Water Resources","2","https://apps.wrd.state.or.us/apps/wr/klamath_sif_dashboard/Default.aspx","medium","catalog","yes","individual export; link to source","Direct","excel; txt; html","some","in data","no","descriptive","no","daily or higher","period of record","hub",5,"or",66.67,100,100,30,100,33.33,0,33.33,0,100,100,80,56.25,65.22,65.28
"p13","Miscellaneous Streamflow Measurements","n04","Streams, Lakes and Dams Program","OWRD","OWRD: Miscellaneous Streamflow Measurements","Department of Water Resources","2","https://apps.wrd.state.or.us/apps/sw/misc_measurements_view_only/","medium","catalog","yes","batch export","Not Applicable","txt","no","no","no","no","no","unknown","unknown","hub",5,"or",66.67,100,100,60,100,0,0,0,0,0,0,80,75,21.74,41.67
"p14","Near Real Time Hydrographics Data","n04","Streams, Lakes and Dams Program","OWRD","OWRD: Near Real Time Hydrographics Data","Department of Water Resources","2","https://apps.wrd.state.or.us/apps/sw/hydro_near_real_time/","high","catalog","yes","link to source; individual export","Direct","excel; html; csv","no","html","no","descriptive; administrative","yes","daily or higher","limited record","hub",5,"or",100,100,100,30,100,100,0,66.67,100,100,75,100,56.25,82.61,79.17
"p15","Water Availability Reporting System","n03","Water Rights Program","OWRD","OWRD: Water Availability Reporting System","Department of Water Resources","2","https://apps.wrd.state.or.us/apps/wars/wars_display_wa_tables/MainMenu1.aspx","medium","catalog","yes","batch export; full export","Not Applicable","csv; excel; txt","yes","in data","no","descriptive; administrative","no","daily or higher","current only","hub",5,"or",66.67,100,100,60,100,33.33,0,66.67,0,100,50,80,75,60.87,66.67
"p16","Water Right Information Search (WRIS)","n03","Water Rights Program","OWRD","OWRD: Water Right Information Search (WRIS)","Department of Water Resources","2","https://apps.wrd.state.or.us/apps/wr/wrinfo/","high","catalog","yes","individual export; copy and paste","Not Applicable","pdf; html","some","in data","yes","no","no","unknown","period of record","hub",5,"or",100,100,100,30,100,33.33,100,0,0,0,100,100,56.25,52.17,59.72
"p17","Water Right Place of Use Summary Report","n03","Water Rights Program","OWRD","OWRD: Water Right Place of Use Summary Report","Department of Water Resources","2","https://apps.wrd.state.or.us/apps/wr/wrinfo/wr_summary_pou.aspx","high","catalog","yes","batch export","Not Applicable","excel; txt","no","no","yes","no","no","unknown","period of record","hub",5,"or",100,100,100,60,100,0,100,0,0,0,100,100,75,47.83,61.11
"p18","Water Right Point of Diversion Summary Report","n03","Water Rights Program","OWRD","OWRD: Water Right Point of Diversion Summary Report","Department of Water Resources","2","https://apps.wrd.state.or.us/apps/wr/wrinfo/wr_summary_pod.aspx","high","catalog","yes","batch export","Not Applicable","excel; txt","no","no","yes","no","no","unknown","period of record","hub",5,"or",100,100,100,60,100,0,100,0,0,0,100,100,75,47.83,61.11
"p19","Water Rights Platcard Report","n03","Water Rights Program","OWRD","OWRD: Water Rights Platcard Report","Department of Water Resources","2","https://apps.wrd.state.or.us/apps/wr/wrinfo/wr_platcard.aspx","high","catalog","yes","copy and paste","Not Applicable","html","no","no","yes","no","no","unknown","period of record","hub",5,"or",100,100,100,20,100,0,100,0,0,0,100,100,50,47.83,55.56
"p20","Water Use Report","n03","Water Rights Program","OWRD","OWRD: Water Use Report","Department of Water Resources","2","https://apps.wrd.state.or.us/apps/wr/wateruse_query/","high","catalog","yes","batch export","Not Applicable","excel; txt","no","no","yes","no","no","yearly or higher","period of record","hub",5,"or",100,100,100,60,100,0,100,0,0,50,100,100,75,56.52,66.67
"p21","Publication and Reports","n02","Department of Water Resources","OWRD","OWRD: Publication and Reports","Department of Water Resources","2","https://www.oregon.gov/owrd/publicationsandreports/Pages/default.aspx","high","catalog","yes","individual export","Not Applicable","pdf","some","in data","unknown","descriptive; administrative","no","yearly or higher","period of record","hub",5,"or",100,100,100,40,20,33.33,0,66.67,0,50,100,100,62.5,43.48,55.56
"p22","Groundwater Information System Mapping Tool","n05","Groundwater and Wells Program","OWRD","OWRD: Groundwater Information System Mapping Tool","Department of Water Resources","2","https://apps.wrd.state.or.us/apps/gw/gw_info/gw_map/Default.aspx","high","map","yes","batch export","Not Applicable","shapefile; txt; excel; geodatabase","yes","html; in data","no","descriptive; administrative; structural","no","unknown","period of record","hub",5,"or",100,100,100,60,100,66.67,0,100,0,0,100,100,75,60.87,69.44
"p23","Oregon Water & Monitoring Well Standard Repository","n05","Groundwater and Wells Program","OWRD","OWRD: Oregon Water & Monitoring Well Standard Repository","Department of Water Resources","2","https://apps.wrd.state.or.us/apps/gw/owmwds_well_query/","low","catalog","yes","batch export","Not Applicable","txt","yes","pdf","yes","descriptive; administrative","yes","unknown","period of record","hub",5,"or",33.33,100,100,60,100,33.33,100,66.67,100,0,100,60,75,69.57,69.44
"p24","Drought Conditions","n06","Climate Program","OWRD","OWRD: Drought Conditions","Department of Water Resources","2","https://www.oregon.gov/owrd/programs/climate/droughtwatch/Pages/Current-Conditions.aspx","medium","website","yes","link to source","Direct","unknown","unknown","unknown","unknown","unknown","unknown","monthly or higher","limited record","hub",5,"or",66.67,50,100,40,0,33.33,0,0,0,75,75,60,62.5,30.43,41.67
"p07","Groundwater Information System","n05","Groundwater and Wells Program","OWRD GWIS","OWRD GWIS: Groundwater Information System","Department of Water Resources","2","https://apps.wrd.state.or.us/apps/gw/gw_info/gw_info_report/Default.aspx","high","catalog","yes","individual export; batch export; full export","Not Applicable","shapefile; txt; excel; geodatabase","yes","html; in data","no","descriptive; administrative; structural","no","unknown","period of record","hub",5,"or",100,100,100,53.4,100,66.67,0,100,0,0,100,100,70.88,60.87,68.53
"p01","The Water Source","n02","Department of Agriculture","Ag-Production Ag","Ag-Production Ag: The Water Source","Department of Agriculture","2","http://www.texasagriculture.gov/Home/ProductionAgriculture/TheWaterSource.aspx","low","website","yes","link to source","Direct","html; csv","no","no","no","no","no","irregular","period of record","hub",5,"tx",33.33,50,100,40,100,0,0,0,0,25,100,40,62.5,43.48,47.22
"p49","Drought Information","n44","Reservoirs","ANAR-Reservoirs","ANAR-Reservoirs: Drought Information","Angelina and Neches River Authority","7","https://www.anra.org/resources/drought_information.html","low","website","yes","link to source","Direct","png","no","no","yes","no","no","monthly or higher","current only","hub",5,"tx",33.33,50,100,40,20,0,100,0,0,75,50,40,62.5,34.78,41.67
"p50","Stream Gauges","n44","Reservoirs","ANAR-Reservoirs","ANAR-Reservoirs: Stream Gauges","Angelina and Neches River Authority","7","https://www.anra.org/resources/stream_gages.html","low","website","no","link to source","Direct","png","no","no","yes","no","no","daily or higher","limited record","hub",5,"tx",33.33,50,0,40,20,0,100,0,0,100,75,40,25,43.48,38.89
"p51","Reservoir Levels","n44","Reservoirs","ANAR-Reservoirs","ANAR-Reservoirs: Reservoir Levels","Angelina and Neches River Authority","7","https://www.anra.org/resources/reservoir_levels.html","low","website","no","link to source","Direct","png","no","no","yes","no","no","daily or higher","limited record","hub",5,"tx",33.33,50,0,40,20,0,100,0,0,100,75,40,25,43.48,38.89
"p48","Consumer Information","n42","Water Delivery","ANAR-Water Delivery","ANAR-Water Delivery: Consumer Information","Angelina and Neches River Authority","7","https://www.anra.org/divisions/water_delivery/holmwood_utilities/consumer_information.html","low","website","yes","individual export","Not Applicable","pdf","yes","in data","yes","administrative; descriptive","no","yearly or higher","period of record","hub",5,"tx",33.33,50,100,40,20,33.33,100,66.67,0,50,100,40,62.5,52.17,52.78
"p54","Rainfall and River Gauges","n50","Flood Management","BCRAGD-Flood Management","BCRAGD-Flood Management: Rainfall and River Gauges","Bandera County River Authority","8","http://www.bcragd.org/river-gauges/","low","website","yes","link to source; individual export","Direct","txt; csv","yes","html","no","descriptive","no","daily or higher","varies","hub",5,"tx",33.33,50,100,30,100,100,0,33.33,0,100,25,40,56.25,60.87,56.94
"p53","Monitor Well Program","n46","Groundwater","BCRAGD-Groundwater Monitoring","BCRAGD-Groundwater Monitoring: Monitor Well Program","Bandera County River Authority","8","http://www.bcragd.org/monitor-wells/","low","website","yes","individual export; link to source","Not Applicable","csv; json; pdf; txt; xml","yes","html","no","descriptive","no","unknown","period of record","hub",5,"tx",33.33,50,100,30,100,100,0,33.33,0,0,100,40,56.25,56.52,54.17
"p55","Medina Lake","n47","Medina Lake","BCRAGD-Reservoirs","BCRAGD-Reservoirs: Medina Lake","Bandera County River Authority","8","http://www.bcragd.org/medina-lake/","low","website","yes","link to source","Direct","html; pdf; png; txt; zip","yes","in data","yes","administrative; descriptive","no","daily or higher","period of record","hub",5,"tx",33.33,50,100,40,100,33.33,100,66.67,0,100,100,40,62.5,78.26,69.44
"p52","In House Surface Water Quality Testing","n49","Water Quality Monitoring Program","BCRAGD-Water Quality Monitoring","BCRAGD-Water Quality Monitoring: In House Surface Water Quality Testing","Bandera County River Authority","8","http://www.bcragd.org/water-quality-testing/","low","website","yes","individual export","Not Applicable","pdf","no","no","no","no","no","irregular","limited record","hub",5,"tx",33.33,50,100,40,20,0,0,0,0,25,75,40,62.5,21.74,33.33
"p57","Brazos River Watershed Information Center","n57","Clean Rivers Program","BRA-Clean Rivers Program","BRA-Clean Rivers Program: Brazos River Watershed Information Center","Brazos River Authority","9","http://crpdata.brazos.org/GetData","high","catalog","yes","individual export","Not Applicable","excel","no","no","no","no","no","unknown","limited record","hub",5,"tx",100,100,100,40,60,0,0,0,0,0,75,100,62.5,26.09,44.44
"p58","Basin Summary Report","n57","Clean Rivers Program","BRA-Clean Rivers Program","BRA-Clean Rivers Program: Basin Summary Report","Brazos River Authority","9","http://www.brazos.org/About-Us/Water-Quality/Clean-Rivers-Program/Basin-Summary-Report","low","website","yes","individual export","Not Applicable","pdf","no","no","no","no","no","yearly or higher","current only","hub",5,"tx",33.33,50,100,40,20,0,0,0,0,50,50,40,62.5,21.74,33.33
"p61","Brazos River Authority Maps","n51","Brazos River Authority","BRA-Maps","BRA-Maps: Brazos River Authority Maps","Brazos River Authority","9","http://www.brazos.org/About-Us/About-the-BRA/Maps","low","website","yes","individual export","Not Applicable","pdf","no","no","no","no","no","unknown","current only","hub",5,"tx",33.33,50,100,40,20,0,0,0,0,0,50,40,62.5,13.04,27.78
"p56","Drought","n53","Water Supply","BRA-Water Supply","BRA-Water Supply: Drought","Brazos River Authority","9","http://www.brazos.org/About-Us/Water-Supply/Drought","low","website","yes","individual export; link to source","Direct","pdf","yes","in data","no","administrative","no","irregular","current only","hub",5,"tx",33.33,50,100,30,20,33.33,0,33.33,0,25,50,40,56.25,26.09,34.72
"p59","BrazosBasinNOW","n58","BrazosBasinNOW","BRA-Water Supply","BRA-Water Supply: BrazosBasinNOW","Brazos River Authority","9","https://www.brazosbasinnow.org/home.php","high","map; catalog","yes","individual export","Not Applicable","csv; excel","yes","html","no","descriptive","no","daily or higher","current only","hub",5,"tx",100,100,100,40,100,100,0,33.33,0,100,50,100,62.5,65.22,69.44
"p60","Water Supply and Reservoir Data","n53","Water Supply","BRA-Water Supply","BRA-Water Supply: Water Supply and Reservoir Data","Brazos River Authority","9","http://www.brazos.org/About-Us/Water-Levels/Water-Supply-and-Reservoir-Data","low","website","yes","copy and paste","Not Applicable","html","no","no","no","no","no","unknown","current only","hub",5,"tx",33.33,50,100,20,100,0,0,0,0,0,50,40,50,30.43,36.11
"p65","Monitoring Sites Map","n63","Clean Rivers Program","GBRA-Clean Rivers Program","GBRA-Clean Rivers Program: Monitoring Sites Map","Guadalupe Blanco River Authority","10","http://www.gbra.org/crp/sites.aspx","medium","map; website","yes","individual export","Not Applicable","excel; pdf","no","no","no","no","no","irregular","period of record","hub",5,"tx",66.67,75,100,40,60,0,0,0,0,25,100,70,62.5,34.78,45.83
"p66","Consumer Confidence Reports","n59","Guadalupe Blanco River Authority","GBRA-Consumer Confidence Reports","GBRA-Consumer Confidence Reports: Consumer Confidence Reports","Guadalupe Blanco River Authority","10","http://www.gbra.org/publications/ccrs.aspx","low","website","yes","individual export","Not Applicable","pdf","yes","in data","yes","administrative; descriptive","no","yearly or higher","period of record","hub",5,"tx",33.33,50,100,40,20,33.33,100,66.67,0,50,100,40,62.5,52.17,52.78
"p62","Rainfall Data","n62","Water Resource Management","GBRA-Water Resources Management","GBRA-Water Resources Management: Rainfall Data","Guadalupe Blanco River Authority","10","http://www.gbra.org/rain/default.aspx","low","website","yes","copy and paste","Not Applicable","html","no","no","no","no","no","daily or higher","current only","hub",5,"tx",33.33,50,100,20,100,0,0,0,0,100,50,40,50,47.83,47.22
"p63","Streamflow Data Map","n62","Water Resource Management","GBRA-Water Resources Management","GBRA-Water Resources Management: Streamflow Data Map","Guadalupe Blanco River Authority","10","http://www.gbra.org/conditions/data.aspx","low","website","yes","copy and paste","Not Applicable","html","no","no","no","no","no","daily or higher","current only","hub",5,"tx",33.33,50,100,20,100,0,0,0,0,100,50,40,50,47.83,47.22
"p64","Basin Summary","n62","Water Resource Management","GBRA-Water Resources Management","GBRA-Water Resources Management: Basin Summary","Guadalupe Blanco River Authority","10","http://www.gbra.org/conditions/default.aspx","low","website","yes","copy and paste; link to source","Not Applicable","html","no","no","no","no","no","daily or higher","current only","hub",5,"tx",33.33,50,100,20,100,0,0,0,0,100,50,40,50,47.83,47.22
"p76","Highland Lakes and Dams","n77","Dams and Hydro","LCRA-Dams and Hydro","LCRA-Dams and Hydro: Highland Lakes and Dams","Lower Colorado River Authority","12","https://www.lcra.org/water/dams-and-lakes/Pages/default.aspx","low","website","yes","copy and paste","Not Applicable","html","no","no","no","no","no","unknown","current only","hub",5,"tx",33.33,50,100,20,100,0,0,0,0,0,50,40,50,30.43,36.11
"p73","Flood Operations Report","n75","River Operations","LCRA-River Operations","LCRA-River Operations: Flood Operations Report","Lower Colorado River Authority","12","https://floodstatus.lcra.org/","low","website","yes","copy and paste","Not Applicable","html","no","no","no","no","no","daily or higher","current only","hub",5,"tx",33.33,50,100,20,100,0,0,0,0,100,50,40,50,47.83,47.22
"p74","River Operations Report","n75","River Operations","LCRA-River Operations","LCRA-River Operations: River Operations Report","Lower Colorado River Authority","12","https://hydromet.lcra.org/riverreport","low","website","yes","copy and paste; individual export","Not Applicable","html; pdf","no","no","no","no","no","daily or higher","current only","hub",5,"tx",33.33,50,100,30,100,0,0,0,0,100,50,40,56.25,47.83,48.61
"p71","LCRA Interactive Map","n69","Water","LCRA-Water","LCRA-Water: LCRA Interactive Map","Lower Colorado River Authority","12","https://maps.lcra.org/interactive.aspx","medium","map","yes","copy and paste","Not Applicable","html","no","no","no","no","no","daily or higher","current only","hub",5,"tx",66.67,100,100,20,100,0,0,0,0,100,50,80,50,47.83,52.78
"p78","LCRA Water Quality Data","n73","Water Quality Protection","LCRA-Water Quality Protection","LCRA-Water Quality Protection: LCRA Water Quality Data","Lower Colorado River Authority","12","https://waterquality.lcra.org/","medium","map","yes","copy and paste; individual export","Not Applicable","html","no","no","no","no","no","irregular","period of record","hub",5,"tx",66.67,100,100,30,100,0,0,0,0,25,100,80,56.25,43.48,51.39
"p79","Colorado River Watch Network","n73","Water Quality Protection","LCRA-Water Quality Protection","LCRA-Water Quality Protection: Colorado River Watch Network","Lower Colorado River Authority","12","https://crwn.lcra.org/","medium","map","yes","individual export; copy and paste","Not Applicable","html","no","no","no","no","no","irregular","period of record","hub",5,"tx",66.67,100,100,30,100,0,0,0,0,25,100,80,56.25,43.48,51.39
"p77","Water Supply","n71","Water Resource Planning","LCRA-Water Resource Planning","LCRA-Water Resource Planning: Water Supply","Lower Colorado River Authority","12","https://www.lcra.org/water/water-supply/Pages/default.aspx","low","website","yes","individual export","Not Applicable","pdf","no","no","no","no","no","yearly or higher","limited record","hub",5,"tx",33.33,50,100,40,20,0,0,0,0,50,75,40,62.5,26.09,36.11
"p72","Hydromet","n68","Lower Colorado River Authority","LCRA-Water Surface Management","LCRA-Water Surface Management: Hydromet","Lower Colorado River Authority","12","https://hydromet.lcra.org/","high","map","yes","batch export","Not Applicable","excel","no","no","no","no","no","daily or higher","current only","hub",5,"tx",100,100,100,60,60,0,0,0,0,100,50,100,75,39.13,55.56
"p75","River and Weather Conditions","n69","Water","LCRA-Water Surface Management","LCRA-Water Surface Management: River and Weather Conditions","Lower Colorado River Authority","12","https://www.lcra.org/water/river-and-weather/Pages/default.aspx","low","website","yes","individual export","Not Applicable","excel","no","no","no","no","no","monthly or higher","current only","hub",5,"tx",33.33,50,100,40,60,0,0,0,0,75,50,40,62.5,34.78,41.67
"p69","Reservoir Data","n67","Reservoir","LNRA- Reservoir","LNRA- Reservoir: Reservoir Data","Lavaca Navidad River Authority","11","http://www.lnra.org/water/reservoir-data","low","website","yes","individual export","Not Applicable","pdf","no","no","no","no","no","monthly or higher","period of record","hub",5,"tx",33.33,50,100,40,20,0,0,0,0,75,100,40,62.5,34.78,41.67
"p70","Water Quality Database","n64","Clean Rivers Program","LNRA-Clean Rivers Program","LNRA-Clean Rivers Program: Water Quality Database","Lavaca Navidad River Authority","11","http://www.nueces-ra.org/CP/LNRA/SWQM/","low","catalog","yes","individual export","Not Applicable","ascii; html","no","no","no","no","no","unknown","limited record","hub",5,"tx",33.33,100,100,40,100,0,0,0,0,0,75,60,62.5,34.78,44.44
"p68","Early Warning System","n64","Lavaca Navidad River Authority","LNRA-Instrumentation and Electronics","LNRA-Instrumentation and Electronics: Early Warning System","Lavaca Navidad River Authority","11","http://www.lnra.org/water/early-warning-system","medium","map; website","yes","individual export","Not Applicable","csv; txt","no","no","no","no","no","daily or higher","current only","hub",5,"tx",66.67,75,100,40,100,0,0,0,0,100,50,70,62.5,47.83,54.17
"p67","Lavaca Regional Water Planning Group","n65","Water Delivery","LNRA-Water Delivery","LNRA-Water Delivery: Lavaca Regional Water Planning Group","Lavaca Navidad River Authority","11","http://www.lnra.org/water/lavaca-regional-water-planning-group","low","website","yes","individual export; link to source","Direct","csv; pdf","no","no","no","no","no","monthly or higher","limited record","hub",5,"tx",33.33,50,100,30,100,0,0,0,0,75,75,40,56.25,47.83,48.61
"p81","Corpus Christi Water Supply","n81","Nueces River Authority","NRA-CC Water Supply","NRA-CC Water Supply: Corpus Christi Water Supply","Nueces River Authority","14","https://www.nueces-ra.org/CP/CITY/","low","website","yes","individual export","Not Applicable","ascii; html","no","no","no","no","no","monthly or higher","limited record","hub",5,"tx",33.33,50,100,40,100,0,0,0,0,75,75,40,62.5,47.83,50
"p80","CRP SQWM Database","n84","Red River Authority","NRA-Clean Rivers Program","NRA-Clean Rivers Program: CRP SQWM Database","Red River Authority","15","https://www.nueces-ra.org/CP/CRP/SWQM/index.php","low","website","yes","individual export","Not Applicable","ascii; html","no","no","no","no","no","unknown","period of record","hub",5,"tx",33.33,50,100,40,100,0,0,0,0,0,100,40,62.5,39.13,44.44
"p95","CCN Mapping Information","n123","Public Utility Commission of Texas","PUC-Water","PUC-Water: CCN Mapping Information","Public Utility Commission of Texas","28","http://www.puc.texas.gov/industry/water/utilities/gis.aspx","low","website","yes","individual export","Not Applicable","shapefile; zip","no","no","no","no","no","unknown","current only","hub",5,"tx",33.33,50,100,40,60,0,0,0,0,0,50,40,62.5,21.74,33.33
"p96","Interchange Filer","n123","Public Utility Commission of Texas","PUC-Water","PUC-Water: Interchange Filer","Public Utility Commission of Texas","28","http://interchange.puc.texas.gov/","high","catalog","yes","individual export","Not Applicable","pdf","no","no","no","no","no","irregular","period of record","hub",5,"tx",100,100,100,40,20,0,0,0,0,25,100,100,62.5,26.09,44.44
"p83","CRP SQWM Database","n84","Red River Authority","RRA-Clean Rivers Program","RRA-Clean Rivers Program: CRP SQWM Database","Red River Authority","15","http://www.rra.texas.gov/","low","website","yes","copy and paste","Not Applicable","html","yes","html","no","administrative","no","irregular","period of record","hub",5,"tx",33.33,50,100,20,100,100,0,33.33,0,25,100,40,50,60.87,55.56
"p82","Drinking Water Reports","n87","Utility Division","RRA-Utility Division","RRA-Utility Division: Drinking Water Reports","Red River Authority","15","http://www.rra.texas.gov/","low","website","yes","individual export","Not Applicable","pdf","yes","in data","yes","administrative; descriptive","no","yearly or higher","period of record","hub",5,"tx",33.33,50,100,40,20,33.33,100,66.67,0,50,100,40,62.5,52.17,52.78
"p88","SARA Water Quality Viewer","n91","San Antonio River Authority","SARA-Clean Rivers Program","SARA-Clean Rivers Program: SARA Water Quality Viewer","San Antonio River Authority","17","https://sara-tx.maps.arcgis.com/apps/MapSeries/index.html?appid=3a4ca132222e41589e6f41eebfe6d36d","medium","map","yes","batch export","Not Applicable","csv","yes","unknown","no","administrative; descriptive","no","irregular","period of record","hub",5,"tx",66.67,100,100,60,100,33.33,0,66.67,0,25,100,80,75,56.52,63.89
"p86","SARA Floodplain Viewer","n91","San Antonio River Authority","SARA-Flood Management","SARA-Flood Management: SARA Floodplain Viewer","San Antonio River Authority","17","https://sara-tx.maps.arcgis.com/apps/webappviewer/index.html?id=0df17b21b28546b0874af4c89b42a553","medium","map","yes","web services","Not Applicable","shapefile","yes","html","no","descriptive","yes","unknown","current only","hub",5,"tx",66.67,100,100,100,60,100,0,33.33,100,0,50,80,100,47.83,63.89
"p87","SARA Risk MAP Viewer","n94","Flood Management","SARA-Flood Management","SARA-Flood Management: SARA Risk MAP Viewer","San Antonio River Authority","17","https://sara-tx.maps.arcgis.com/apps/webappviewer/index.html?id=0b13614f13124257bfe589a459ba84fe","medium","map","yes","web services","Not Applicable","raster; shapefile","yes","html","no","descriptive","yes","unknown","current only","hub",5,"tx",66.67,100,100,100,60,100,0,33.33,100,0,50,80,100,47.83,63.89
"p89","Contrail System","n97","Lake Conroe Division","SJRA-Contrail System","SJRA-Contrail System: Contrail System","San Jacinto River Authority","18","https://sanjacinto.onerain.com/home.php","high","map; catalog","yes","individual export","Not Applicable","csv; excel","yes","html","no","descriptive","no","daily or higher","current only","hub",5,"tx",100,100,100,40,100,100,0,33.33,0,100,50,100,62.5,65.22,69.44
"p90","GRP Raw Water Pumpage","n100","Reduction Plan Division","SJRA-Groundwater Reduction Plan Division","SJRA-Groundwater Reduction Plan Division: GRP Raw Water Pumpage","San Jacinto River Authority","18","http://www.sjra.net/grp/grp-pumpage/","low","website","yes","copy and paste","Not Applicable","html","no","no","no","no","no","monthly or higher","limited record","hub",5,"tx",33.33,50,100,20,100,0,0,0,0,75,75,40,50,47.83,47.22
"p91","Monthly Operations Report","n100","Reduction Plan Division","SJRA-Groundwater Reduction Plan Division","SJRA-Groundwater Reduction Plan Division: Monthly Operations Report","San Jacinto River Authority","18","http://www.sjra.net/grp/monthly-reports/","low","website","yes","individual export","Not Applicable","pdf","no","no","yes","no","no","yearly or higher","limited record","hub",5,"tx",33.33,50,100,40,20,0,100,0,0,50,75,40,62.5,34.78,41.67
"p84","Monthly Water Quality Monitoring Reports","n88","Environmental Services Division","SRA-Environmental Services Division","SRA-Environmental Services Division: Monthly Water Quality Monitoring Reports","Red River Authority","15","http://www.sratx.org/srwmp/tcrp/state_of_the_basin/monthly_wqmp_reports/default.asp","low","website","yes","individual export","Not Applicable","pdf","no","pdf","no","administrative","no","yearly or higher","period of record","hub",5,"tx",33.33,50,100,40,20,33.33,0,33.33,0,50,100,40,62.5,39.13,44.44
"p85","Sabine Basin Lake Levels and River Conditions","n88","Environmental Services Division","SRA-Environmental Services Division","SRA-Environmental Services Division: Sabine Basin Lake Levels and River Conditions","Red River Authority","15","http://www.sratx.org/basin/lake_and_river_conditions.asp","low","website","yes","link to source","Direct","xml; csv; json","yes","in data; html","yes","administrative; descriptive","no","daily or higher","current only","hub",5,"tx",33.33,50,100,40,100,66.67,100,66.67,0,100,50,40,62.5,73.91,66.67
"p22","CRP Data Tool","n18","Clean Rivers Program","TCEQ-Clean Rivers Program","TCEQ-Clean Rivers Program: CRP Data Tool","Texas Commission on Environmental Quality","4","https://www80.tceq.texas.gov/SwqmisWeb/public/crpweb.faces","medium","map; catalog","yes","batch export","Not Applicable","txt","yes","in data","yes","administrative","no","irregular","period of record","hub",5,"tx",66.67,100,100,60,100,33.33,100,33.33,0,25,100,80,75,60.87,66.67
"p12","Watershed Protection Plans for Nonpoint Source Water Pollution","n16","Nonpoint Source Pollution Program","TCEQ-Nonpoint Source Pollution","TCEQ-Nonpoint Source Pollution: Watershed Protection Plans for Nonpoint Source Water Pollution","Texas Commission on Environmental Quality","4","https://www.tceq.texas.gov/waterquality/nonpoint-source/mgmt-plan/watershed-pp.html#map","low","website","yes","link to source","Direct","pdf","no","no","no","no","no","monthly or higher","not applicable","hub",5,"tx",33.33,50,100,40,20,0,0,0,0,75,25,40,62.5,21.74,33.33
"p97","Purchase Data","n09","Commission on Environmental Quality","TCEQ-Record Services","TCEQ-Record Services: Purchase Data","Texas Commission on Environmental Quality","4","https://www.tceq.texas.gov/agency/data/records-services/purchase-data.html","low","website","permission required","none","Not Applicable","unknown","unknown","unknown","unknown","unknown","unknown","unknown","unknown","hub",5,"tx",33.33,50,33.33,0,0,33.33,0,0,0,0,0,40,12.5,4.35,11.11
"p20","State of Texas Environmental Electronic Reporting System","n09","Environmental Electronic Reporting System","TCEQ-STEERS","TCEQ-STEERS: State of Texas Environmental Electronic Reporting System","Texas Commission on Environmental Quality","4","https://www3.tceq.texas.gov/steers/","low","website","permission required","unknown","Not Applicable","unknown","unknown","unknown","unknown","unknown","unknown","unknown","unknown","hub",5,"tx",33.33,50,33.33,0,0,33.33,0,0,0,0,0,40,12.5,4.35,11.11
"p13","Continuous Water Quality Monitoring Network","n17","Surface Water Quality Monitoring Program","TCEQ-Surface Water Quality Monitoring Program","TCEQ-Surface Water Quality Monitoring Program: Continuous Water Quality Monitoring Network","Texas Commission on Environmental Quality","4","https://www.tceq.texas.gov/waterquality/monitoring/swqm_realtime.html","low","website","yes","copy and paste","Not Applicable","html","yes","in data","no","administrative","no","unknown","limited record","hub",5,"tx",33.33,50,100,20,100,33.33,0,33.33,0,0,75,40,50,43.48,44.44
"p19","Surface Water Quality Monitoring Information System","n17","Surface Water Quality Monitoring Program","TCEQ-Surface Water Quality Monitoring Program","TCEQ-Surface Water Quality Monitoring Program: Surface Water Quality Monitoring Information System","Texas Commission on Environmental Quality","4","https://www80.tceq.texas.gov/SwqmisWeb/","low","website","permission required","unknown","Not Applicable","unknown","unknown","unknown","unknown","unknown","unknown","unknown","unknown","hub",5,"tx",33.33,50,33.33,0,0,33.33,0,0,0,0,0,40,12.5,4.35,11.11
"p11","Segments with TMDLS","n15","Total Daily Maximum Load Program","TCEQ-TMDL","TCEQ-TMDL: Segments with TMDLS","Texas Commission on Environmental Quality","4","https://www.tceq.texas.gov/waterquality/tmdl/nav/tmdlsegments","low","website","yes","copy and paste","Not Applicable","html","no","no","no","no","no","unknown","not applicable","hub",5,"tx",33.33,50,100,20,100,0,0,0,0,0,25,40,50,26.09,33.33
"p17","Geographic Information Systems","n10","Water","TCEQ-Water","TCEQ-Water: Geographic Information Systems","Texas Commission on Environmental Quality","4","https://www.tceq.texas.gov/gis/download-tceq-gis-data#waterdatasets","low","website","yes","individual export","Not Applicable","geodatabase; kml; shapefile","yes","pdf","yes","administrative; descriptive; structural","yes","unknown","current only","hub",5,"tx",33.33,50,100,40,100,33.33,100,100,100,0,50,40,62.5,65.22,61.11
"p08","Water Rights and Water Use Data","n11","Water Availability","TCEQ-Water Availability","TCEQ-Water Availability: Water Rights and Water Use Data","Texas Commission on Environmental Quality","4","https://www.tceq.texas.gov/permitting/water_rights/wr-permitting/wrwud","low","website","yes","individual export","Not Applicable","excel; zip","yes","pdf","yes","administrative; descriptive","no","yearly or higher","period of record","hub",5,"tx",33.33,50,100,40,60,33.33,100,66.67,0,50,100,40,62.5,60.87,58.33
"p09","Water Availability Models","n11","Water Availability","TCEQ-Water Availability","TCEQ-Water Availability: Water Availability Models","Texas Commission on Environmental Quality","4","https://www.tceq.texas.gov/permitting/water_rights/wr_technical-resources/wam.html","low","website","software required","individual export","Not Applicable","shapefile; software specific","yes","pdf","yes","administrative","no","unknown","not applicable","hub",5,"tx",33.33,50,33.33,40,60,33.33,100,33.33,0,0,25,40,37.5,34.78,36.11
"p14","Groundwater Contamination Viewer","n11","Water Availability","TCEQ-Water Availability","TCEQ-Water Availability: Groundwater Contamination Viewer","Texas Commission on Environmental Quality","4","http://tceq.maps.arcgis.com/apps/webappviewer/index.html?id=478b575733ca4662a1441f93c9b973f5","high","map","yes","batch export","Not Applicable","csv; json; shapefile","yes","no","yes","no","no","irregular","current only","hub",5,"tx",100,100,100,60,100,0,100,0,0,25,50,100,75,43.48,58.33
"p15","Pesticides and Groundwater","n11","Water Availability","TCEQ-Water Availability","TCEQ-Water Availability: Pesticides and Groundwater","Texas Commission on Environmental Quality","4","https://www.tceq.texas.gov/groundwater/pesticides.html","low","website","no","unknown","Not Applicable","unknown","unknown","unknown","unknown","unknown","unknown","unknown","unknown","hub",5,"tx",33.33,50,0,0,0,33.33,0,0,0,0,0,40,0,4.35,8.33
"p21","Status of Stormwater and Wastewater Applications and Specifications","n12","Water Quality","TCEQ-Water Quality","TCEQ-Water Quality: Status of Stormwater and Wastewater Applications and Specifications","Texas Commission on Environmental Quality","4","https://www.tceq.texas.gov/agency/data/lookup-data/status-stormwater-wastewater.html","low","website","yes","copy and paste","Not Applicable","html","no","no","no","no","no","unknown","unknown","hub",5,"tx",33.33,50,100,20,100,0,0,0,0,0,0,40,50,21.74,30.56
"p07","Drinking Water Watch","n13","Water Quality Planning","TCEQ-Water Quality Planning","TCEQ-Water Quality Planning: Drinking Water Watch","Texas Commission on Environmental Quality","4","http://dww2.tceq.texas.gov/DWW/","low","website","yes","copy and paste","Not Applicable","html","no","no","no","no","no","irregular","limited record","hub",5,"tx",33.33,50,100,20,100,0,0,0,0,25,75,40,50,39.13,41.67
"p10","Texas Integrated Report of Surface Water Quality","n14","Water Quality Standards Program","TCEQ-Water Quality Standards","TCEQ-Water Quality Standards: Texas Integrated Report of Surface Water Quality","Texas Commission on Environmental Quality","4","https://www.tceq.texas.gov/waterquality/assessment/305_303.html","low","website","yes","individual export","Not Applicable","pdf","yes","pdf","yes","administrative","no","irregular","period of record","hub",5,"tx",33.33,50,100,40,20,33.33,100,33.33,0,25,100,40,62.5,43.48,47.22
"p06","Drinking Water","n19","Water Supply","TCEQ-Water Supply","TCEQ-Water Supply: Drinking Water","Texas Commission on Environmental Quality","4","https://www.tceq.texas.gov/drinkingwater","low","website","yes","individual export","Not Applicable","pdf","yes","pdf","yes","administrative; descriptive","no","yearly or higher","not applicable","hub",5,"tx",33.33,50,100,40,20,33.33,100,66.67,0,50,25,40,62.5,39.13,44.44
"p16","List of Texas PWSs Limiting Water Use to Avoid Shortages","n19","Water Supply","TCEQ-Water Supply","TCEQ-Water Supply: List of Texas PWSs Limiting Water Use to Avoid Shortages","Texas Commission on Environmental Quality","4","https://www.tceq.texas.gov/drinkingwater/trot/droughtw.html","low","website","yes","copy and paste","Not Applicable","html","no","no","yes","no","no","weekly or higher","current only","hub",5,"tx",33.33,50,100,20,100,0,100,0,0,75,50,40,50,52.17,50
"p18","Compliance History Database","n19","Water Supply","TCEQ-Water Supply","TCEQ-Water Supply: Compliance History Database","Texas Commission on Environmental Quality","4","http://www2.tceq.texas.gov/oce/ch/index.cfm","high","catalog","yes","individual export; batch export","Not Applicable","ascii","no","no","yes","no","no","irregular","limited record","hub",5,"tx",100,100,100,50,100,0,100,0,0,25,75,100,68.75,47.83,59.72
"p23","Water District Database","n19","Water Supply","TCEQ-Water Supply","TCEQ-Water Supply: Water District Database","Texas Commission on Environmental Quality","4","http://www14.tceq.texas.gov/iwud/","medium","map; catalog","yes","copy and paste","Not Applicable","html","no","no","no","no","no","unknown","period of record","hub",5,"tx",66.67,100,100,20,100,0,0,0,0,0,100,80,50,39.13,47.22
"p47","Texas Open Data Portal","n121","Statewide Data Coordination","TDIR-Statewide Data Coordination","TDIR-Statewide Data Coordination: Texas Open Data Portal","Department of Information Resources","26","https://data.texas.gov/","high","catalog","yes","link to source; individual export; web services","Direct","csv; json; rdf; tsv; xml; unknown","yes","html","no","administrative; descriptive; structural","yes","irregular","varies","hub",5,"tx",100,100,100,53.4,100,100,0,100,100,25,25,100,70.88,65.22,71.31
"p46","TGCP Publications","n122","Texas Groundwater Protection Committee","TGPC-Publications","TGPC-Publications: TGCP Publications","Texas Groundwater Protection Committee","27","http://tgpc.state.tx.us/tgpc-publications/","low","website","yes","individual export","Not Applicable","pdf","no","no","no","no","no","unknown","not applicable","hub",5,"tx",33.33,50,100,40,20,0,0,0,0,0,25,40,62.5,8.7,25
"p05","Reports on River Studies","n08","River Studies","TPWD-River Studies","TPWD-River Studies: Reports on River Studies","Department of Parks and Wildlife","3","https://tpwd.texas.gov/landwater/water/conservation/fwresources/reports.phtml","low","website","yes","individual export","Not Applicable","pdf","yes","pdf","yes","administrative; descriptive","no","unknown","not applicable","hub",5,"tx",33.33,50,100,40,20,33.33,100,66.67,0,0,25,40,62.5,30.43,38.89
"p04","Water Quality Related Reports","n07","Water Quality","TPWD-Water Quality","TPWD-Water Quality: Water Quality Related Reports","Department of Parks and Wildlife","3","https://tpwd.texas.gov/landwater/water/environconcerns/water_quality/wq_research/WQ_Reports.phtml","low","website","yes","individual export","Not Applicable","pdf","yes","pdf","yes","administrative","no","irregular","not applicable","hub",5,"tx",33.33,50,100,40,20,33.33,100,33.33,0,25,25,40,62.5,30.43,38.89
"p02","Studies of Priority Groundwater Management Areas","n06","Water Quantity","TPWD-Water Quantity","TPWD-Water Quantity: Studies of Priority Groundwater Management Areas","Department of Parks and Wildlife","3","https://tpwd.texas.gov/landwater/water/conservation/water_resources/water_quantity/pgma/","low","website","yes","individual export","Not Applicable","pdf","no","no","no","no","no","irregular","not applicable","hub",5,"tx",33.33,50,100,40,20,0,0,0,0,25,25,40,62.5,13.04,27.78
"p03","Ecologically Significant Streams","n06","Water Quantity","TPWD-Water Quantity","TPWD-Water Quantity: Ecologically Significant Streams","Department of Parks and Wildlife","3","https://tpwd.texas.gov/landwater/water/conservation/water_resources/water_quantity/sigsegs/","low","website","yes","individual export","Not Applicable","pdf","no","no","yes","no","no","irregular","not applicable","hub",5,"tx",33.33,50,100,40,20,0,100,0,0,25,25,40,62.5,21.74,33.33
"p92","Maps and Data","n105","Planning & Environmental Management","TRA-Planning and Environmental Management","TRA-Planning and Environmental Management: Maps and Data","Trinity River Authority","20","http://www.trinityra.org/lakearlingtonvillagecreekmapsdata","low","website","yes","individual export","Not Applicable","kml; pdf; shapefile","no","no","no","no","no","unknown","limited record","hub",5,"tx",33.33,50,100,40,100,0,0,0,0,0,75,40,62.5,34.78,41.67
"p93","Lake Livingston Contrail System","n105","Planning & Environmental Management","TRA-Planning and Environmental Management","TRA-Planning and Environmental Management: Lake Livingston Contrail System","Trinity River Authority","20","http://lakedata.traweb.net/home.php","high","map; catalog","yes","individual export","Not Applicable","csv; excel","yes","html","no","descriptive","no","daily or higher","limited record","hub",5,"tx",100,100,100,40,100,100,0,33.33,0,100,75,100,62.5,69.57,72.22
"p43","Flood Control Program","n21","Flood Control Program","TSWCB-Flood Control Program","TSWCB-Flood Control Program: Flood Control Program","Texas Soil and Water Conservation Board","5","https://www.tsswcb.texas.gov/programs/flood-control-program","low","website","yes","batch export","Not Applicable","pdf","no","no","no","no","no","unknown","current only","hub",5,"tx",33.33,50,100,60,20,0,0,0,0,0,50,40,75,13.04,30.56
"p44","Watershed Protection Plans","n22","Nonpoint Source Program","TSWCB-Nonpoint Source Management","TSWCB-Nonpoint Source Management: Watershed Protection Plans","Texas Soil and Water Conservation Board","5","https://www.tsswcb.texas.gov/programs/texas-nonpoint-source-management-program/watershed-protection-plan-program","low","website","yes","link to source","Direct","pdf","no","no","no","no","no","unknown","not applicable","hub",5,"tx",33.33,50,100,40,20,0,0,0,0,0,25,40,62.5,8.7,25
"p25","Groundwater Database","n37","Groundwater Monitoring","TWDB-Groundwater Monitoring","TWDB-Groundwater Monitoring: Groundwater Database","Texas Water Development Board","6","http://www.twdb.texas.gov/groundwater/data/gwdbrpt.asp","low","website","yes","individual export; batch export; web services","Not Applicable","csv; pdf; raster; word; xml","yes","html","yes","administrative; descriptive","no","daily or higher","period of record","hub",5,"tx",33.33,50,100,66.6,100,100,100,66.67,0,100,100,40,79.12,86.96,78.69
"p28","Groundwater Data Viewer","n37","Groundwater Monitoring","TWDB-Groundwater Monitoring","TWDB-Groundwater Monitoring: Groundwater Data Viewer","Texas Water Development Board","6","https://www2.twdb.texas.gov/apps/waterdatainteractive/groundwaterdataviewer","high","map","yes","link to source","Direct","pdf","no","no","no","no","no","unknown","period of record","hub",5,"tx",100,100,100,40,20,0,0,0,0,0,100,100,62.5,21.74,41.67
"p33","Submitted Drillers Reports Database","n37","Groundwater Monitoring","TWDB-Groundwater Monitoring","TWDB-Groundwater Monitoring: Submitted Drillers Reports Database","Texas Water Development Board","6","http://www.twdb.texas.gov/groundwater/data/drillersdb.asp","low","website","yes","individual export; batch export","Not Applicable","csv; pdf; raster; shapefile; word; xml","yes","excel; pdf; txt","no","descriptive; structural","no","daily or higher","period of record","hub",5,"tx",33.33,50,100,50,100,66.67,0,66.67,0,100,100,40,68.75,73.91,68.06
"p38","Brackish Resources Aquifer Characterization System","n32","Innovative Water Technologies","TWDB-Innovative Water Technologies","TWDB-Innovative Water Technologies: Brackish Resources Aquifer Characterization System","Texas Water Development Board","6","http://www.twdb.texas.gov/innovativewater/bracs/index.asp","low","website","yes","individual export","Not Applicable","access; zip","yes","pdf","yes","administrative","no","unknown","current only","hub",5,"tx",33.33,50,100,40,60,33.33,100,33.33,0,0,50,40,62.5,39.13,44.44
"p39","Desalination","n32","Innovative Water Technologies","TWDB-Innovative Water Technologies","TWDB-Innovative Water Technologies: Desalination","Texas Water Development Board","6","http://www.twdb.texas.gov/innovativewater/desal/index.asp","low","website","yes","individual export","Not Applicable","pdf","no","no","no","no","no","unknown","current only","hub",5,"tx",33.33,50,100,40,20,0,0,0,0,0,50,40,62.5,13.04,27.78
"p40","Water Reuse","n32","Innovative Water Technologies","TWDB-Innovative Water Technologies","TWDB-Innovative Water Technologies: Water Reuse","Texas Water Development Board","6","http://www.twdb.texas.gov/innovativewater/reuse/index.asp","low","website","yes","individual export","Not Applicable","pdf","no","no","no","no","no","unknown","not applicable","hub",5,"tx",33.33,50,100,40,20,0,0,0,0,0,25,40,62.5,8.7,25
"p26","GIS Data","n24","Texas Water Development Board","TWDB-Mapping","TWDB-Mapping: GIS Data","Texas Water Development Board","6","http://www.twdb.texas.gov/mapping/gisdata.asp","low","website","yes","individual export","Not Applicable","shapefile","no","no","no","no","no","unknown","current only","hub",5,"tx",33.33,50,100,40,60,0,0,0,0,0,50,40,62.5,21.74,33.33
"p37","Historical Water Loss Audit and Conservation Annual Report Data","n31","Municipal Water Conservation","TWDB-Municipal Water Conservation","TWDB-Municipal Water Conservation: Historical Water Loss Audit and Conservation Annual Report Data","Texas Water Development Board","6","http://www.twdb.texas.gov/conservation/municipal/waterloss/historical-annual-report.asp","low","website","yes","copy and paste; individual export","Not Applicable","csv; excel; html; pdf; raster; word; xml","no","no","no","no","no","yearly or higher","limited record","hub",5,"tx",33.33,50,100,30,100,0,0,0,0,50,75,40,56.25,43.48,45.83
"p31","Regional Water Planning Data","n27","Regional Water Planning","TWDB-Regional Water Planning","TWDB-Regional Water Planning: Regional Water Planning Data","Texas Water Development Board","6","http://www.twdb.texas.gov/waterplanning/data/rwp-database/index.asp","low","website","yes","copy and paste; individual export; web services","Not Applicable","csv; html; json","no","no","no","no","no","irregular","period of record","hub",5,"tx",33.33,50,100,53.4,100,0,0,0,0,25,100,40,70.88,43.48,49.08
"p34","Texas Water Conditions Report","n33","Surface Water","TWDB-Surface Water","TWDB-Surface Water: Texas Water Conditions Report","Texas Water Development Board","6","http://www.twdb.texas.gov/surfacewater/conditions/report/index.asp","low","website","yes","individual export","Not Applicable","pdf","no","no","no","no","no","monthly or higher","period of record","hub",5,"tx",33.33,50,100,40,20,0,0,0,0,75,100,40,62.5,34.78,41.67
"p35","Precipitation and Lake Evaporation","n35","Water Data for Texas","TWDB-Surface Water","TWDB-Surface Water: Precipitation and Lake Evaporation","Texas Water Development Board","6","https://waterdatafortexas.org/lake-evaporation-rainfall","low","website","yes","individual export","Not Applicable","txt","yes","html","no","descriptive","no","yearly or higher","period of record","hub",5,"tx",33.33,50,100,40,100,100,0,33.33,0,50,100,40,62.5,65.22,61.11
"p36","Lake Surveys","n33","Surface Water","TWDB-Surface Water","TWDB-Surface Water: Lake Surveys","Texas Water Development Board","6","http://www.twdb.texas.gov/surfacewater/surveys/completed/index.asp","low","website","yes","individual export","Not Applicable","shapefile; txt","no","no","no","no","no","irregular","limited record","hub",5,"tx",33.33,50,100,40,100,0,0,0,0,25,75,40,62.5,39.13,44.44
"p30","Geospatial Emergency Management Support System","n38","Texas Natural Resources Information System","TWDB-Texas Natural Resources Information System","TWDB-Texas Natural Resources Information System: Geospatial Emergency Management Support System","Texas Water Development Board","6","https://gemss2.tnris.org/","medium","map","yes","web services","Not Applicable","geojson; raster; shapefile","no","no","no","no","no","irregular","varies","hub",5,"tx",66.67,100,100,100,100,0,0,0,0,25,25,80,100,30.43,52.78
"p41","Texas Natural Resources Information System","n38","Texas Natural Resources Information System","TWDB-Texas Natural Resources Information System","TWDB-Texas Natural Resources Information System: Texas Natural Resources Information System","Texas Water Development Board","6","https://tnris.org/","high","catalog","yes","individual export; link to source; full export","Not Applicable","raster; shapefile; xml; zip","yes","html","no","administrative; descriptive","no","irregular","current only","hub",5,"tx",100,100,100,40,100,100,0,66.67,0,25,50,100,62.5,56.52,63.89
"p27","TexMesonet","n34","TexMesonet and Hydrosurvey","TWDB-TexMesonet","TWDB-TexMesonet: TexMesonet","Texas Water Development Board","6","https://www.texmesonet.org/","medium","map","yes","web services","Not Applicable","csv; json","yes","html","yes","administrative; descriptive","no","daily or higher","limited record","hub",5,"tx",66.67,100,100,100,100,100,100,66.67,0,100,75,80,100,82.61,86.11
"p24","Water Data for Texas","n24","Texas Water Development Board","TWDB-Water Data for Texas","TWDB-Water Data for Texas: Water Data for Texas","Texas Water Development Board","6","https://waterdatafortexas.org/reservoirs/statewide","high","map","yes","individual export; batch export; web services","Not Applicable","csv; geojson; html; kmz; json; shapefile; txt","yes","in data","yes","administrative; descriptive","no","daily or higher","period of record","hub",5,"tx",100,100,100,66.6,100,33.33,100,66.67,0,100,100,100,79.12,78.26,81.47
"p32","Historical Water Use Estimates","n26","Water Use, Projections and Planning","TWDB-Water Use","TWDB-Water Use: Historical Water Use Estimates","Texas Water Development Board","6","http://www.twdb.texas.gov/waterplanning/waterusesurvey/estimates/index.asp","low","website","yes","individual export","Not Applicable","csv; excel; pdf; raster; word; xml","no","no","no","no","no","yearly or higher","period of record","hub",5,"tx",33.33,50,100,40,100,0,0,0,0,50,100,40,62.5,47.83,50
"p42","Water Service Boundary Viewer","n24","Texas Water Development Board","TWDB-Water Use","TWDB-Water Use: Water Service Boundary Viewer","Texas Water Development Board","6","https://www2.twdb.texas.gov/apps/waterserviceboundaries","low","website","yes","batch export","Not Applicable","csv; shapefile","yes","pdf","no","descriptive","no","yearly or higher","current only","hub",5,"tx",33.33,50,100,60,100,33.33,0,33.33,0,50,50,40,75,47.83,52.78
"p29","Texas State Water Plan","n26","Water Use, Projections and Planning","TWDB-Water Use Planning","TWDB-Water Use Planning: Texas State Water Plan","Texas Water Development Board","6","http://www.twdb.texas.gov/waterplanning/swp/2017/index.asp","low","website","yes","individual export","Not Applicable","csv","yes","pdf","yes","administrative","no","yearly or higher","period of record","hub",5,"tx",33.33,50,100,40,100,33.33,100,33.33,0,50,100,40,62.5,65.22,61.11
"p45","Agency Reports","n20","Soil and Water Conservation Board","TWSCB-Agency Reports","TWSCB-Agency Reports: Agency Reports","Texas Soil and Water Conservation Board","5","https://www.tsswcb.texas.gov/about/agency-reports","low","website","yes","individual export","Not Applicable","pdf","no","no","no","no","no","irregular","limited record","hub",5,"tx",33.33,50,100,40,20,0,0,0,0,25,75,40,62.5,21.74,33.33
"p94","Current River Conditions","n108","Upper Guadalupe River Authority","UGRA","UGRA: Current River Conditions","Upper Guadalupe River Authority","22","http://www.ugra.org/public-information/currentconditions","low","website","yes","individual export","Not Applicable","pdf","no","no","no","no","no","daily or higher","limited record","hub",5,"tx",33.33,50,100,40,20,0,0,0,0,100,75,40,62.5,34.78,41.67
"p01","Utah Open Data Catalog","n43","Technology Coordination Office - Automated Geographic Reference Center","AGRC","AGRC: Utah Open Data Catalog","Technology Coordination Office - Automated Geographic Reference Center","9","https://opendata.gis.utah.gov/","high","catalog","yes","web services; full export","Not Applicable","excel; csv; geojson; shapefile; kml; geodatabase","yes","html","no","descriptive; structural","yes","varies","period of record","hub",5,"ut",100,100,100,80,100,100,0,66.67,100,25,100,100,87.5,73.91,80.56
"p02","State Geographic Information Database","n43","Technology Coordination Office - Automated Geographic Reference Center","AGRC","AGRC: State Geographic Information Database","Technology Coordination Office - Automated Geographic Reference Center","9","https://gis.utah.gov/#data","medium","catalog","yes","web services; full export","Not Applicable","excel; csv; geojson; shapefile; kml; geodatabase","yes","html","no","descriptive","yes","varies","current only","hub",5,"ut",66.67,100,100,80,100,100,0,33.33,100,25,50,80,87.5,60.87,69.44
"p62","Cloud Seeding","n45","Utah Climate Center","Climate Center","Climate Center: Cloud Seeding","Utah State University","10","https://climate.usu.edu/cloudSeeding/index.php","low","catalog","yes","none","Not Applicable","html","no","no","no","no","no","daily or higher","current only","hub",5,"ut",33.33,100,100,0,100,0,0,0,0,100,50,60,37.5,47.83,47.22
"p63","Agweather","n45","Utah Climate Center","Climate Center","Climate Center: Agweather","Utah State University","10","https://climate.usu.edu/mchd/index.php","high","map; catalog","yes","individual export; copy and paste","Not Applicable","html; csv","yes","in data","no","descriptive","no","daily or higher","period of record","hub",5,"ut",100,100,100,30,100,33.33,0,33.33,0,100,100,100,56.25,65.22,68.06
"p64","Climate Data","n45","Utah Climate Center","Climate Center","Climate Center: Climate Data","Utah State University","10","https://climate.usu.edu/mapGUI/mapGUI.php","high","map; catalog","yes","individual export; batch export","Not Applicable","html; csv; pdf","yes","in data","no","administrative","no","daily or higher","period of record","hub",5,"ut",100,100,100,50,100,33.33,0,33.33,0,100,100,100,68.75,65.22,70.83
"p22","Drinking Water","n11","Center of Health Data Informatics","Health-Data Informatics","Health-Data Informatics: Drinking Water","Department of Health","5","https://ibis.health.utah.gov/ibisph-view/topic/Water.html","low","website","yes","copy and paste","Not Applicable","html","yes","html","no","descriptive; administrative","no","yearly or higher","limited record","hub",5,"ut",33.33,50,100,20,100,100,0,66.67,0,50,75,40,50,65.22,58.33
"p23","Flood events","n11","Center of Health Data Informatics","Health-Data Informatics","Health-Data Informatics: Flood events","Department of Health","5","https://ibis.health.utah.gov/ibisph-view/indicator/view/CliChaExtWea.html","low","website","yes","copy and paste; link to source","Not Applicable","html","yes","html","no","descriptive","no","yearly or higher","limited record","hub",5,"ut",33.33,50,100,20,100,100,0,33.33,0,50,75,40,50,60.87,55.56
"p03","Annual Report Archive","n02","Department of Agriculture and Food","UDAF","UDAF: Annual Report Archive","Department of Agriculture and Food","2","https://ag.utah.gov/about/annual-report-archive/","low","website","yes","copy and paste","Not Applicable","pdf","no","no","no","no","no","varies","limited record","hub",5,"ut",33.33,50,100,20,20,0,0,0,0,25,75,40,50,21.74,30.56
"p04","Salinity Control Forum","n03","Conservation Division","UDAF-Conservation Division","UDAF-Conservation Division: Salinity Control Forum","Department of Agriculture and Food","2","https://ag.utah.gov/farmers/conservation-division/","low","website","yes","link to source","Direct","unknown","unknown","unknown","unknown","unknown","unknown","unknown","unknown","hub",5,"ut",33.33,50,100,40,0,33.33,0,0,0,0,0,40,62.5,4.35,22.22
"p05","Groundwater Program","n03","Conservation Division","UDAF-Conservation Division","UDAF-Conservation Division: Groundwater Program","Department of Agriculture and Food","2","https://ag.utah.gov/farmers/conservation-division/","low","website","yes","individual export","Not Applicable","pdf","yes","in data","yes","administrative; descriptive","no","yearly or higher","limited record","hub",5,"ut",33.33,50,100,40,20,33.33,100,66.67,0,50,75,40,62.5,47.83,50
"p06","Harmful Algal Blooms","n03","Conservation Division","UDAF-Conservation Division","UDAF-Conservation Division: Harmful Algal Blooms","Department of Agriculture and Food","2","https://ag.utah.gov/farmers/conservation-division/harmful-algal-blooms/","medium","map","yes","copy and paste","Not Applicable","html","yes","html","no","descriptive","no","monthly or higher","limited record","hub",5,"ut",66.67,100,100,20,100,100,0,33.33,0,75,75,80,50,65.22,63.89
"p09","Environmental Interactive Map","n07","Department of Environmental Quality","UDEQ","UDEQ: Environmental Interactive Map","Department of Environmental Quality","4","https://enviro.deq.utah.gov/","high","map; catalog","yes; registration required","batch export; full export","Not Applicable","excel; csv; geodatabase; shapefile","no","no","no","no","no","daily or higher","limited record","hub",5,"ut",100,100,50,60,100,0,0,0,0,100,75,100,56.25,52.17,59.72
"p10","Regulatory/Policy Documents","n07","Department of Environmental Quality","UDEQ","UDEQ: Regulatory/Policy Documents","Department of Environmental Quality","4","http://eqedocs.utah.gov/","high","map; catalog","yes","individual export","Not Applicable","pdf","yes","html","no","descriptive","no","daily or higher","limited record","hub",5,"ut",100,100,100,40,20,100,0,33.33,0,100,75,100,62.5,52.17,61.11
"p11","Waterlink Database","n08","Division of Drinking Water","UDEQ-Drinking Water","UDEQ-Drinking Water: Waterlink Database","Department of Environmental Quality","4","https://waterlink.utah.gov/deqWater/","high","catalog","yes","individual export","Not Applicable","html; pdf","no","no","no","no","no","monthly or higher","limited record","hub",5,"ut",100,100,100,40,100,0,0,0,0,75,75,100,62.5,47.83,58.33
"p21","Spills records","n10","Division of Environmental Response and Remediation","UDEQ-Environmental Response","UDEQ-Environmental Response: Spills records","Department of Environmental Quality","4","http://eqspillsps.deq.utah.gov/Default.aspx","high","catalog","yes","individual export","Not Applicable","pdf","no","no","no","no","no","daily or higher","period of record","hub",5,"ut",100,100,100,40,20,0,0,0,0,100,100,100,62.5,39.13,52.78
"p12","Ambient Water Quality Monitoring System (AWQMS )","n09","Division of Water Quality","UDEQ-Water Quality","UDEQ-Water Quality: Ambient Water Quality Monitoring System (AWQMS )","Department of Environmental Quality","4","https://awqms3.goldsystems.com/Login.aspx","high","unknown","permission required","unknown","Not Applicable","unknown","unknown","unknown","unknown","unknown","unknown","unknown","unknown","hub",5,"ut",100,0,33.33,0,0,33.33,0,0,0,0,0,60,12.5,4.35,13.89
"p13","Water Quality Permits","n09","Division of Water Quality","UDEQ-Water Quality","UDEQ-Water Quality: Water Quality Permits","Department of Environmental Quality","4","https://secure.utah.gov/waterquality/search.html","high","catalog","yes","copy and paste; individual export","Not Applicable","html","no","no","no","no","no","unknown","limited record","hub",5,"ut",100,100,100,30,100,0,0,0,0,0,75,100,56.25,34.78,48.61
"p14","UPDES Permitting Program","n09","Division of Water Quality","UDEQ-Water Quality","UDEQ-Water Quality: UPDES Permitting Program","Department of Environmental Quality","4","https://deq.utah.gov/water-quality/updes-permitting-program#individual","medium","website","yes","individual export","Not Applicable","pdf","yes","pdf","yes","administrative; descriptive","no","yearly or higher","current only","hub",5,"ut",66.67,50,100,40,20,33.33,100,66.67,0,50,50,60,62.5,43.48,50
"p15","Assessment Map","n09","Division of Water Quality","UDEQ-Water Quality","UDEQ-Water Quality: Assessment Map","Department of Environmental Quality","4","http://mapserv.utah.gov/surfacewaterquality/","high","map; catalog","yes","individual export","Not Applicable","pdf","yes","pdf","no","descriptive","no","unknown","current only","hub",5,"ut",100,100,100,40,20,33.33,0,33.33,0,0,50,100,62.5,21.74,41.67
"p16","Assessment Report","n09","Division of Water Quality","UDEQ-Water Quality","UDEQ-Water Quality: Assessment Report","Department of Environmental Quality","4","https://deq.utah.gov/legacy/programs/water-quality/monitoring-reporting/assessment/2016-integrated-report.htm","medium","website","yes","individual export","Not Applicable","excel; pdf","yes","excel; pdf","yes","administrative","yes","irregular","current only","hub",5,"ut",66.67,50,100,40,60,50,100,33.33,100,25,50,60,62.5,54.35,56.94
"p17","Waterfowl Consumption Advisories","n09","Division of Water Quality","UDEQ-Water Quality","UDEQ-Water Quality: Waterfowl Consumption Advisories","Department of Environmental Quality","4","https://deq.utah.gov/waterfowl-advisories/map-utah-waterfowl-advisories","low","website; map","yes","individual export; copy and paste","Not Applicable","html","yes","pdf","no","administrative","no","yearly or higher","current only","hub",5,"ut",33.33,75,100,30,100,33.33,0,33.33,0,50,50,50,56.25,47.83,50
"p18","E. coli in Utah Waters","n09","Division of Water Quality","UDEQ-Water Quality","UDEQ-Water Quality: E. coli in Utah Waters","Department of Environmental Quality","4","https://deq.utah.gov/water-quality/e-coli","low","map","no","unknown","Not Applicable","unknown","no","no","no","no","no","monthly or higher","current only","hub",5,"ut",33.33,100,0,0,0,0,0,0,0,75,50,60,0,21.74,22.22
"p19","Harmful Algal Blooms","n09","Division of Water Quality","UDEQ-Water Quality","UDEQ-Water Quality: Harmful Algal Blooms","Department of Environmental Quality","4","https://deq.utah.gov/water-quality/harmful-algal-blooms-home","low","map","yes","full export","Not Applicable","kml","no","no","no","no","no","monthly or higher","current only","hub",5,"ut",33.33,100,100,60,100,0,0,0,0,75,50,60,75,43.48,52.78
"p20","Utah Lake WQ Network","n09","Division of Water Quality","UDEQ-Water Quality","UDEQ-Water Quality: Utah Lake WQ Network","Department of Environmental Quality","4","https://v2.wqdatalive.com/public/669","low","catalog","yes","individual export; copy and paste","Not Applicable","html","no","no","no","no","no","daily or higher","limited record","hub",5,"ut",33.33,100,100,30,100,0,0,0,0,100,75,60,56.25,52.17,54.17
"p50","Adjudication Status","n29","Adjudication Program","UDNR-Adjudication Program","UDNR-Adjudication Program: Adjudication Status","Department of Natural Resources","6","https://www.waterrights.utah.gov/adjdinfo/default.asp","medium","website","yes","copy and paste; individual export","Not Applicable","html; pdf","yes","in data","no","descriptive; structural","no","unknown","period of record","hub",5,"ut",66.67,50,100,30,100,33.33,0,66.67,0,0,100,60,56.25,52.17,54.17
"p31","Weather Data","n16","Conservation Program","UDNR-Conservation Program","UDNR-Conservation Program: Weather Data","Department of Natural Resources","6","https://conservewater.utah.gov/guide.html","low","website","yes","link to source","Direct","html","no","no","no","no","no","daily or higher","current only","hub",5,"ut",33.33,50,100,40,100,0,0,0,0,100,50,40,62.5,47.83,50
"p47","Dam Safety Database Information Viewer","n27","Dam Safety","UDNR-Dam Safety","UDNR-Dam Safety: Dam Safety Database Information Viewer","Department of Natural Resources","6","https://waterrights.utah.gov/cgi-bin/damview.exe?Startup","medium","website; catalog","yes","copy and paste","Not Applicable","html","yes","html","no","descriptive","no","daily or higher","current only","hub",5,"ut",66.67,75,100,20,100,100,0,33.33,0,100,50,70,50,65.22,62.5
"p48","Reservoir Levels","n27","Dam Safety","UDNR-Dam Safety","UDNR-Dam Safety: Reservoir Levels","Department of Natural Resources","6","https://waterrights.utah.gov/daminfo/ReservoirFills.asp","low","website","yes","copy and paste","Not Applicable","html","no","no","no","no","no","daily or higher","period of record","hub",5,"ut",33.33,50,100,20,100,0,0,0,0,100,100,40,50,56.52,52.78
"p34","Water Distribution/Regulation","n25","Distribution Program","UDNR-Distribution Program","UDNR-Distribution Program: Water Distribution/Regulation","Department of Natural Resources","6","https://www.waterrights.utah.gov/distinfo/distribution_systems.asp","medium","catalog","yes","link to source","Direct","unknown","unknown","unknown","unknown","unknown","unknown","unknown","unknown","hub",5,"ut",66.67,100,100,40,0,33.33,0,0,0,0,0,80,62.5,4.35,27.78
"p35","Water Use Data by Suppliers","n25","Distribution Program","UDNR-Distribution Program","UDNR-Distribution Program: Water Use Data by Suppliers","Department of Natural Resources","6","https://www.waterrights.utah.gov/asp_apps/generalWaterUse/WaterUseList.asp","low","website; catalog","yes","individual export","Not Applicable","csv; xml; json; pdf","no","no","no","no","no","yearly or higher","period of record","hub",5,"ut",33.33,75,100,40,100,0,0,0,0,50,100,50,62.5,47.83,51.39
"p36","Company Rights","n25","Distribution Program","UDNR-Distribution Program","UDNR-Distribution Program: Company Rights","Department of Natural Resources","6","https://www.waterrights.utah.gov/forms/waterCompanies.asp","low","catalog","yes","copy and paste","Not Applicable","html","no","no","no","no","no","irregular","current only","hub",5,"ut",33.33,100,100,20,100,0,0,0,0,25,50,60,50,34.78,41.67
"p37","Realtime Distribution System","n25","Distribution Program","UDNR-Distribution Program","UDNR-Distribution Program: Realtime Distribution System","Department of Natural Resources","6","https://www.waterrights.utah.gov/distinfo/realtime_info.asp","medium","website","yes","copy and paste","Not Applicable","html","no","no","no","no","no","daily or higher","current only","hub",5,"ut",66.67,50,100,20,100,0,0,0,0,100,50,60,50,47.83,50
"p38","GAGEVIEW Stream Gage Records Viewer","n25","Distribution Program","UDNR-Distribution Program","UDNR-Distribution Program: GAGEVIEW Stream Gage Records Viewer","Department of Natural Resources","6","https://www.waterrights.utah.gov/cgi-bin/gageview.exe?Startup","medium","website","yes","copy and paste","Not Applicable","html","yes","in data","no","descriptive","no","daily or higher","period of record","hub",5,"ut",66.67,50,100,20,100,33.33,0,33.33,0,100,100,60,50,65.22,61.11
"p39","Colorado River Conditions","n25","Distribution Program","UDNR-Distribution Program","UDNR-Distribution Program: Colorado River Conditions","Department of Natural Resources","6","https://www.waterrights.utah.gov/distinfo/colorado/default.asp","low","website","yes","link to source","Direct","unknown","unknown","unknown","unknown","unknown","unknown","unknown","unknown","hub",5,"ut",33.33,50,100,40,0,33.33,0,0,0,0,0,40,62.5,4.35,22.22
"p51","Regulation Database","n30","Enforcement Program","UDNR-Enforcement Program","UDNR-Enforcement Program: Regulation Database","Department of Natural Resources","6","https://waterrights.utah.gov/seactions/default.asp","medium","website","yes","individual export","Not Applicable","html; pdf","no","no","no","no","no","unknown","current only","hub",5,"ut",66.67,50,100,40,100,0,0,0,0,0,50,60,62.5,30.43,41.67
"p60","Comprehensive River plans","n37","Forestry, Fire, and State Lands","UDNR-FFSL","UDNR-FFSL: Comprehensive River plans","Department of Natural Resources","6","https://ffsl.utah.gov/forestry/maps/","medium","map","no","none","Not Applicable","unknown","yes","in data","yes","administrative; descriptive","no","irregular","current only","hub",5,"ut",66.67,100,0,0,0,33.33,100,66.67,0,25,50,80,0,34.78,33.33
"p55","Groundwater Monitoring Data Portal","n36","Utah Geological Survey","UDNR-Geological Survey","UDNR-Geological Survey: Groundwater Monitoring Data Portal","Department of Natural Resources","6","https://apps.geology.utah.gov/gwdp/","medium","map; catalog","yes","individual export","Not Applicable","csv","yes","in data","no","administrative; descriptive","no","daily or higher","period of record","hub",5,"ut",66.67,100,100,40,100,33.33,0,66.67,0,100,100,80,62.5,69.57,69.44
"p56","Geothermal Well & Spring Database","n36","Utah Geological Survey","UDNR-Geological Survey","UDNR-Geological Survey: Geothermal Well & Spring Database","Department of Natural Resources","6","https://geology.utah.gov/map-pub/maps/interactive-maps/wells-springs/","medium","map; website","yes","full export","Not Applicable","excel; csv; txt","yes","pdf","yes","administrative; descriptive","no","irregular","not applicable","hub",5,"ut",66.67,75,100,60,100,33.33,100,66.67,0,25,25,70,75,52.17,59.72
"p57","Groundwater Quality Publications","n36","Utah Geological Survey","UDNR-Geological Survey","UDNR-Geological Survey: Groundwater Quality Publications","Department of Natural Resources","6","https://geology.utah.gov/resources/groundwater/water-quality/","low","website","yes","full export","Not Applicable","excel; pdf; geodatabase","yes","pdf","no","descriptive","no","irregular","not applicable","hub",5,"ut",33.33,50,100,60,60,33.33,0,33.33,0,25,25,40,75,30.43,41.67
"p58","Groundwater Recharge and Discharge Maps","n36","Utah Geological Survey","UDNR-Geological Survey","UDNR-Geological Survey: Groundwater Recharge and Discharge Maps","Department of Natural Resources","6","https://geology.utah.gov/resources/groundwater/rechargedischarge-areas/","low","website","yes","individual export","Not Applicable","pdf","yes","in data","yes","administrative; descriptive","no","irregular","not applicable","hub",5,"ut",33.33,50,100,40,20,33.33,100,66.67,0,25,25,40,62.5,34.78,41.67
"p59","Utah Wetlands","n36","Utah Geological Survey","UDNR-Geological Survey","UDNR-Geological Survey: Utah Wetlands","Department of Natural Resources","6","https://geology.utah.gov/apps/wetlands/index.html","medium","map","yes","full export","Not Applicable","geodatabase","yes","html","no","descriptive","no","unknown","current only","hub",5,"ut",66.67,100,100,60,60,100,0,33.33,0,0,50,80,75,39.13,52.78
"p32","Board Projects","n17","Project Funding Program","UDNR-Project Funding Program","UDNR-Project Funding Program: Board Projects","Department of Natural Resources","6","https://water.utah.gov/development-branch/board-projects/","low","map","no","copy and paste","Not Applicable","html","no","no","no","no","no","unknown","period of record","hub",5,"ut",33.33,100,0,20,100,0,0,0,0,0,100,60,12.5,39.13,36.11
"p49","Stream Alteration Permit Viewer","n28","Stream Alteration Program","UDNR-Stream Alteration Program","UDNR-Stream Alteration Program: Stream Alteration Permit Viewer","Department of Natural Resources","6","https://waterrights.utah.gov/cgi-bin/strmview.exe","medium","website; catalog","yes","copy and paste; individual export","Not Applicable","html; pdf","yes","html","no","descriptive","no","daily or higher","period of record","hub",5,"ut",66.67,75,100,30,100,100,0,33.33,0,100,100,70,56.25,73.91,69.44
"p52","Cumulative Hydrologic Impact Assessment","n35","Division of Oil, Gas and Mining","UDNR-UDOGM","UDNR-UDOGM: Cumulative Hydrologic Impact Assessment","Department of Natural Resources","6","https://www.ogm.utah.gov/coal/chias.php","low","website","yes","copy and paste; individual export","Not Applicable","html; pdf","some","pdf","yes","administrative","no","yearly or higher","period of record","hub",5,"ut",33.33,50,100,30,100,33.33,100,33.33,0,50,100,40,56.25,65.22,59.72
"p53","Data Explorer","n35","Division of Oil, Gas and Mining","UDNR-UDOGM","UDNR-UDOGM: Data Explorer","Department of Natural Resources","6","https://dataexplorer.ogm.utah.gov/","high","map; catalog","yes","copy and paste","Not Applicable","html; csv","yes","html","no","structural; descriptive; administrative","no","daily or higher","period of record","hub",5,"ut",100,100,100,20,100,100,0,100,0,100,100,100,50,82.61,77.78
"p54","Data Research Center","n35","Division of Oil, Gas and Mining","UDNR-UDOGM","UDNR-UDOGM: Data Research Center","Department of Natural Resources","6","https://oilgas.ogm.utah.gov/oilgasweb/data-center/dc-main.xhtml#download","high","website","yes","full export","Not Applicable","csv","yes","pdf","yes","administrative","no","daily or higher","period of record","hub",5,"ut",100,50,100,60,100,33.33,100,33.33,0,100,100,80,75,73.91,75
"p24","Open Tap: Utah's Water Data Directory","n14","Division of Water Resources","UDNR-Water Resources","UDNR-Water Resources: Open Tap: Utah's Water Data Directory","Department of Natural Resources","6","http://utahdnr.maps.arcgis.com/apps/MapJournal/index.html?appid=d5fd67b3436e4af8be07d91d055a903b","high","catalog; map","yes","full export; web services","Not Applicable","excel; kml; shapefile; geodatabase; pdf; geojson","yes","html","some","descriptive","yes","yearly or higher","varies","hub",5,"ut",100,100,100,80,100,100,50,33.33,100,50,25,100,87.5,65.22,75
"p25","Precipitation Graphs","n14","Division of Water Resources","UDNR-Water Resources","UDNR-Water Resources: Precipitation Graphs","Department of Natural Resources","6","https://water.utah.gov/precipitationgraphs/","high","website","yes","individual export","Not Applicable","pdf","no","no","no","no","no","monthly or higher","limited record","hub",5,"ut",100,50,100,40,20,0,0,0,0,75,75,80,62.5,30.43,44.44
"p26","Reservoir Levels","n14","Division of Water Resources","UDNR-Water Resources","UDNR-Water Resources: Reservoir Levels","Department of Natural Resources","6","https://water.utah.gov/reservoirlevels/","high","website","yes","individual export","Not Applicable","pdf","no","no","no","no","no","monthly or higher","limited record","hub",5,"ut",100,50,100,40,20,0,0,0,0,75,75,80,62.5,30.43,44.44
"p27","Regional Water Conservation Goals","n14","Division of Water Resources","UDNR-Water Resources","UDNR-Water Resources: Regional Water Conservation Goals","Department of Natural Resources","6","https://water.utah.gov/regional-conservation-goals/","low","website","yes","individual export","Not Applicable","pdf","no","no","no","no","no","irregular","period of record","hub",5,"ut",33.33,50,100,40,20,0,0,0,0,25,100,40,62.5,26.09,36.11
"p28","Water Reports","n14","Division of Water Resources","UDNR-Water Resources","UDNR-Water Resources: Water Reports","Department of Natural Resources","6","https://water.utah.gov/water-data/water-reports/","high","website","yes","individual export","Not Applicable","pdf","yes","pdf","some","descriptive","no","irregular","limited record","hub",5,"ut",100,50,100,40,20,33.33,50,33.33,0,25,75,80,62.5,34.78,47.22
"p29","Drought","n14","Division of Water Resources","UDNR-Water Resources","UDNR-Water Resources: Drought","Department of Natural Resources","6","https://water.utah.gov/water-data/drought/","high","website","yes","link to source","Indirect","unknown","unknown","unknown","unknown","unknown","unknown","unknown","unknown","hub",5,"ut",100,50,100,20,0,33.33,0,0,0,0,0,80,50,4.35,25
"p30","Water Use and Streamflow Records","n14","Division of Water Resources","UDNR-Water Resources","UDNR-Water Resources: Water Use and Streamflow Records","Department of Natural Resources","6","https://www.waterrights.utah.gov/distinfo/","medium","website","yes","link to source","Indirect","unknown","unknown","unknown","unknown","unknown","unknown","unknown","unknown","hub",5,"ut",66.67,50,100,20,0,33.33,0,0,0,0,0,60,50,4.35,22.22
"p33","Water Rights Maps","n23","Division of Water Rights","UDNR-Water Rights","UDNR-Water Rights: Water Rights Maps","Department of Natural Resources","6","https://www.waterrights.utah.gov/gisinfo/maps/default.asp","medium","website; map; catalog","yes","link to source","Direct","unknown","unknown","unknown","unknown","unknown","unknown","unknown","unknown","hub",5,"ut",66.67,83.5,100,40,0,33.33,0,0,0,0,0,73.4,62.5,4.35,26.86
"p40","Groundwater Management Plans","n26","Well Drilling Program","UDNR-Well Drilling Program","UDNR-Well Drilling Program: Groundwater Management Plans","Department of Natural Resources","6","https://waterrights.utah.gov/groundwater/ManagementReports/ground.asp","medium","website","yes","individual export","Not Applicable","pdf; html","yes","in data","no","descriptive; administrative","no","yearly or higher","period of record","hub",5,"ut",66.67,50,100,40,100,33.33,0,66.67,0,50,100,60,62.5,60.87,61.11
"p41","Groundwater Recharge and Recovery","n26","Well Drilling Program","UDNR-Well Drilling Program","UDNR-Well Drilling Program: Groundwater Recharge and Recovery","Department of Natural Resources","6","https://waterrights.utah.gov/groundwater/asr/ASRlist.asp","low","website","yes","copy and paste; individual export","Not Applicable","pdf; html","yes","in data","no","descriptive","no","daily or higher","period of record","hub",5,"ut",33.33,50,100,30,100,33.33,0,33.33,0,100,100,40,56.25,65.22,59.72
"p42","Water Well Drilling Information","n26","Well Drilling Program","UDNR-Well Drilling Program","UDNR-Well Drilling Program: Water Well Drilling Information","Department of Natural Resources","6","https://waterrights.utah.gov/wellInfo/wellInfo.asp","medium","catalog","yes","copy and paste","Not Applicable","html","yes","in data","no","descriptive","no","daily or higher","period of record","hub",5,"ut",66.67,100,100,20,100,33.33,0,33.33,0,100,100,80,50,65.22,63.89
"p43","DRILVIEW Water Well Driller Licensing Viewer","n26","Well Drilling Program","UDNR-Well Drilling Program","UDNR-Well Drilling Program: DRILVIEW Water Well Driller Licensing Viewer","Department of Natural Resources","6","https://waterrights.utah.gov/cgi-bin/drilview.exe","low","website","yes","copy and paste; individual export","Not Applicable","html; pdf","no","no","no","no","no","daily or higher","limited record","hub",5,"ut",33.33,50,100,30,100,0,0,0,0,100,75,40,56.25,52.17,51.39
"p44","Well Drilling Statstics","n26","Well Drilling Program","UDNR-Well Drilling Program","UDNR-Well Drilling Program: Well Drilling Statstics","Department of Natural Resources","6","https://waterrights.utah.gov/wellinfo/stats2k/default.asp","medium","website","yes","copy and paste","Not Applicable","html","yes","in data","no","descriptive","no","yearly or higher","period of record","hub",5,"ut",66.67,50,100,20,100,33.33,0,33.33,0,50,100,60,50,56.52,55.56
"p45","Geologic Logs for Wells","n26","Well Drilling Program","UDNR-Well Drilling Program","UDNR-Well Drilling Program: Geologic Logs for Wells","Department of Natural Resources","6","https://waterrights.utah.gov/cgi-bin/wellview.exe?Modinfo=Geolog","low","website","yes","copy and paste; individual export","Not Applicable","html; pdf","yes","in data","no","descriptive; administrative","no","daily or higher","period of record","hub",5,"ut",33.33,50,100,30,100,33.33,0,66.67,0,100,100,40,56.25,69.57,62.5
"p46","Ground Level Trend Viewer","n26","Well Drilling Program","UDNR-Well Drilling Program","UDNR-Well Drilling Program: Ground Level Trend Viewer","Department of Natural Resources","6","https://maps.waterrights.utah.gov/EsriMap/gw-graphs.asp","low","map; catalog","yes","individual export; batch export; link to source","Direct","csv","yes","in data","no","administrative","no","daily or higher","period of record","hub",5,"ut",33.33,100,100,40,100,33.33,0,33.33,0,100,100,60,62.5,65.22,63.89
"p07","Locate Utility Company","n05","Division of Public Utilities","UDOC-Public Utilities Division","UDOC-Public Utilities Division: Locate Utility Company","Department of Commerce","3","http://utah.maps.arcgis.com/apps/Viewer/index.html?appid=573dfdb6220d4fada6d833def633b866","medium","map","no","none","Not Applicable","none","no","no","no","no","no","unknown","current only","hub",5,"ut",66.67,100,0,0,0,0,0,0,0,0,50,80,0,8.7,16.67
"p08","Water Utilities","n05","Division of Public Utilities","UDOC-Public Utilities Division","UDOC-Public Utilities Division: Water Utilities","Department of Commerce","3","https://dpu.utah.gov/utillist-water.html","high","website","yes","copy and paste; individual export","Not Applicable","html; pdf","yes","pdf","no","administrative; descriptive","no","varies","limited record","hub",5,"ut",100,50,100,30,100,33.33,0,66.67,0,25,75,80,56.25,52.17,56.94
"p61","Utah Disaster History","n39","Emergency Management Division","UDPS-Emergency Management","UDPS-Emergency Management: Utah Disaster History","Department of Public Safety","7","https://dem.utah.gov/utah-disaster-history/","low","website","yes","link to source; copy and paste","Direct","html","no","no","no","no","no","yearly or higher","period of record","hub",5,"ut",33.33,50,100,20,100,0,0,0,0,50,100,40,50,47.83,47.22
"p39","Wyoming Geospatial Hub","n01","Wyoming","GeoHub","GeoHub: Wyoming Geospatial Hub","Wyoming","1","https://www.geospatialhub.org/","low","catalog","yes","full export; web services","Not Applicable","shapefile; excel; kml; geojson","yes","html; xml","no","descriptive; administrative; structural","yes","daily or higher","varies","hub",5,"wy",33.33,100,100,80,100,100,0,100,100,100,25,60,87.5,78.26,77.78
"p20","Order of the State Engineer - Laramie County Control Area","n12","Groundwater Division","SEO","SEO: Order of the State Engineer - Laramie County Control Area","State Engineer's Office","4","http://seo.wyo.gov/ground-water/state-engineer-s-orders","low","unknown","yes","individual export","Not Applicable","pdf","yes","in data","no","descriptive; structural","no","irregular","current only","hub",5,"wy",33.33,0,100,40,20,33.33,0,66.67,0,25,50,20,62.5,30.43,36.11
"p21","Groundwater Hydrographs","n12","Groundwater Division","SEO","SEO: Groundwater Hydrographs","State Engineer's Office","4","http://seo.wyo.gov/documents-data/groundwater-hydrographs","medium","website","yes","individual export","Not Applicable","pdf","no","no","no","no","no","yearly or higher","period of record","hub",5,"wy",66.67,50,100,40,20,0,0,0,0,50,100,60,62.5,30.43,41.67
"p22","Interference Investigations","n12","Groundwater Division","SEO","SEO: Interference Investigations","State Engineer's Office","4","http://seo.wyo.gov/ground-water/interference-investigations","medium","website","yes","individual export","Not Applicable","pdf","yes","in data","no","descriptive","no","irregular","period of record","hub",5,"wy",66.67,50,100,40,20,33.33,0,33.33,0,25,100,60,62.5,34.78,44.44
"p17","Realtime Stream Flow","n11","State Engineer's Office","SEOFLOW","SEOFLOW: Realtime Stream Flow","State Engineer's Office","4","http://seoflow.wyo.gov/","high","map; catalog","yes","batch export; full export","Not Applicable","csv","yes","html","no","descriptive; administrative","no","daily or higher","period of record","hub",5,"wy",100,100,100,60,100,100,0,66.67,0,100,100,100,75,78.26,80.56
"p14","NRCS Snowdata and Reporting","n16","Snow Survey and Water Supply Forecasting Program","SNOW","SNOW: NRCS Snowdata and Reporting","State Engineer's Office","4","http://snow.wyo.gov/snow-data/nrcs-national-water-and-climate-center","medium","website","yes","link to source","Indirect","unknown","unknown","unknown","unknown","unknown","unknown","daily or higher","period of record","hub",5,"wy",66.67,50,100,20,0,33.33,0,0,0,100,100,60,50,39.13,44.44
"p15","SEO Snowpack Report by Drainage","n16","Snow Survey and Water Supply Forecasting Program","SNOW","SNOW: SEO Snowpack Report by Drainage","State Engineer's Office","4","http://snow.wyo.gov/snow-data/seo-snowpack-reports-by-drainage","medium","website","yes","individual export","Not Applicable","pdf","no","no","no","no","no","yearly or higher","limited record","hub",5,"wy",66.67,50,100,40,20,0,0,0,0,50,75,60,62.5,26.09,38.89
"p16","NOAA National Snow Analyses","n16","Snow Survey and Water Supply Forecasting Program","SNOW","SNOW: NOAA National Snow Analyses","State Engineer's Office","4","http://snow.wyo.gov/snow-data/noaa-national-snow-analyses","medium","website","yes","link to source","Indirect","unknown","unknown","unknown","unknown","unknown","unknown","daily or higher","unknown","hub",5,"wy",66.67,50,100,20,0,33.33,0,0,0,100,0,60,50,21.74,33.33
"p02","Gillette-Madison Well Field Project","n07","Groundwater","WDEQ","WDEQ: Gillette-Madison Well Field Project","Department of Environmental Quality","3","http://deq.wyoming.gov/wqd/gillette-madison-well-field-project/","medium","website","yes","individual export","Not Applicable","pdf; excel","yes","pdf","some","descriptive; administrative","no","unknown","current only","hub",5,"wy",66.67,50,100,40,60,33.33,50,66.67,0,0,50,60,62.5,39.13,47.22
"p04","Pavillion Investigation","n07","Groundwater","WDEQ","WDEQ: Pavillion Investigation","Department of Environmental Quality","3","http://deq.wyoming.gov/wqd/pavillion-investigation/","medium","website; catalog","yes","individual export","Not Applicable","pdf","yes","in data","yes","descriptive; administrative","no","irregular","current only","hub",5,"wy",66.67,75,100,40,20,33.33,100,66.67,0,25,50,70,62.5,39.13,48.61
"p06","GEM Database","n07","Groundwater","WDEQ","WDEQ: GEM Database","Department of Environmental Quality","3","http://deq.wyoming.gov/wqd/underground-injection-control/resources/gem-database/","low","unknown","permission required","unknown","Not Applicable","unknown","unknown","unknown","unknown","unknown","unknown","unknown","unknown","hub",5,"wy",33.33,0,33.33,0,0,33.33,0,0,0,0,0,20,12.5,4.35,8.33
"p07","Monitoring Data","n07","Groundwater","WDEQ","WDEQ: Monitoring Data","Department of Environmental Quality","3","http://deq.wyoming.gov/wqd/groundwater/resources/monitoring-data/","medium","website; catalog","yes","individual export; full export","Not Applicable","shapefile; zip; pdf","yes","html; xml","yes","administrative; descriptive","yes","irregular","current only","hub",5,"wy",66.67,75,100,50,60,100,100,66.67,100,25,50,70,68.75,65.22,66.67
"p08","Nonpoint Source Projects","n08","Watershed Protection","WDEQ","WDEQ: Nonpoint Source Projects","Department of Environmental Quality","3","http://deq.wyoming.gov/wqd/non-point-source/resources/projects/","low","website","yes","individual export","Not Applicable","pdf","some","in data","some","descriptive; administrative","no","varies","limited record","hub",5,"wy",33.33,50,100,40,20,33.33,50,66.67,0,25,75,40,62.5,39.13,44.44
"p09","Waterbody Assessment Reports","n08","Watershed Protection","WDEQ","WDEQ: Waterbody Assessment Reports","Department of Environmental Quality","3","http://deq.wyoming.gov/wqd/non-point-source/resources/reports/","low","website","yes","individual export","Not Applicable","pdf","yes","in data","yes","descriptive","no","yearly or higher","limited record","hub",5,"wy",33.33,50,100,40,20,33.33,100,33.33,0,50,75,40,62.5,43.48,47.22
"p10","TMDL Completed Projects","n08","Watershed Protection","WDEQ","WDEQ: TMDL Completed Projects","Department of Environmental Quality","3","http://deq.wyoming.gov/wqd/tmdl/resources/completed-projects/","low","website","yes","individual export","Not Applicable","pdf","yes","in data","yes","descriptive","no","irregular","limited record","hub",5,"wy",33.33,50,100,40,20,33.33,100,33.33,0,25,75,40,62.5,39.13,44.44
"p11","Water Quality Assessment Reports","n08","Watershed Protection","WDEQ","WDEQ: Water Quality Assessment Reports","Department of Environmental Quality","3","http://deq.wyoming.gov/wqd/water-quality-assessment/resources/reports/","low","website","yes","individual export","Not Applicable","pdf; shapefile","yes","in data","yes","administrative; descriptive","no","irregular","period of record","hub",5,"wy",33.33,50,100,40,60,33.33,100,66.67,0,25,100,40,62.5,56.52,55.56
"p12","Authorized Permit Archive","n09","Water and Wastewater","WDEQ","WDEQ: Authorized Permit Archive","Department of Environmental Quality","3","http://deq.wyoming.gov/wqd/water-wastewater/resources/authorized-archive/","low","website; catalog","yes","individual export","Not Applicable","pdf","yes","in data","no","descriptive","no","irregular","period of record","hub",5,"wy",33.33,75,100,40,20,33.33,0,33.33,0,25,100,50,62.5,34.78,43.06
"p36","WOGCC Data","n20","Wyoming Oil and Gas Conservation Commission","WOGCC","WOGCC: WOGCC Data","Wyoming Oil and Gas Conservation Commission","6","http://pipeline.wyo.gov/legacywogcce.cfm","high","website; catalog","yes","copy and paste","Not Applicable","html","no","no","yes","no","no","varies","varies","hub",5,"wy",100,75,100,20,100,0,100,0,0,25,25,90,50,39.13,48.61
"p18","Products and Data","n16","State Climate Office","WRDS","WRDS: Products and Data","University of Wyoming","n24","http://www.wrds.uwyo.edu/products_and_data.html","high","website; map; catalog","yes","copy and paste; individual export","Not Applicable","html; csv; jpg","some","html; xml","no","administrative; descriptive","yes","daily or higher","period of record","hub",5,"wy",100,83.5,100,30,100,100,0,66.67,100,100,100,93.4,56.25,86.96,81.03
"p35","Water Resources Data System Library","n16","Water Resources Data System & Wyoming State Climate Office","WRDS","WRDS: Water Resources Data System Library","University of Wyoming","8","http://library.wrds.uwyo.edu/","medium","website","yes","individual export","Not Applicable","pdf","some","in data","some","administrative; descriptive","some","varies","varies","hub",5,"wy",66.67,50,100,40,20,33.33,50,66.67,50,25,25,60,62.5,34.78,44.44
"p37","Groundwater Atlas of Wyoming","n21","Wyoming State Geological Survey","WSGS","WSGS: Groundwater Atlas of Wyoming","Wyoming State Geological Survey","7","https://wsgs.maps.arcgis.com/apps/webappviewer/index.html?id=09ebeedba94048a0b1ec4dcfc71eb9b5","medium","map","yes","batch export","Not Applicable","csv","yes","html","no","descriptive; administrative","no","unknown","unknown","hub",5,"wy",66.67,100,100,60,100,100,0,66.67,0,0,0,80,75,43.48,55.56
"p38","Wyoming State Geological Survey Publications Sales And Free Downloads","n21","Wyoming State Geological Survey","WSGS","WSGS: Wyoming State Geological Survey Publications Sales And Free Downloads","Wyoming State Geological Survey","7","http://sales.wsgs.wyo.gov/water/","high","website","yes","individual export","Not Applicable","pdf","no","no","no","no","no","irregular","period of record","hub",5,"wy",100,50,100,40,20,0,0,0,0,25,100,80,62.5,26.09,41.67
"p23","Dam and Reservoir Planning","n18","Planning Program","WWDO","WWDO: Dam and Reservoir Planning","Wyoming Water Development Office","5","http://wwdc.state.wy.us/dam_reservoir/dam_reservoir.html","medium","website","yes","copy and paste; individual export","Not Applicable","html; pdf","no","no","no","no","no","irregular","current only","hub",5,"wy",66.67,50,100,30,100,0,0,0,0,25,50,60,56.25,34.78,43.06
"p24","Instream Flow Filings","n18","Planning Program","WWDO","WWDO: Instream Flow Filings","Wyoming Water Development Office","5","http://wwdc.state.wy.us/instream_flows/instream_flows.html","medium","catalog; map","yes","copy and paste; individual export","Not Applicable","html; pdf","yes","no","no","administrative; structural","no","varies","period of record","hub",5,"wy",66.67,100,100,30,100,0,0,66.67,0,25,100,80,56.25,52.17,56.94
"p25","Wyoming Water and Climate Web Atlas","n18","Planning Program","WWDO","WWDO: Wyoming Water and Climate Web Atlas","Wyoming Water Development Office","5","http://www.wrds.uwyo.edu/Map/index.html?Type=ISF#","low","map","yes","individual export; link to source","Direct","html; csv; jpg","some","in data","no","administrative; structural","yes","varies","current only","hub",5,"wy",33.33,100,100,30,100,33.33,0,66.67,100,25,50,60,56.25,56.52,56.94
"p27","Probable Maximum Precipitation","n18","Planning Program","WWDO","WWDO: Probable Maximum Precipitation","Wyoming Water Development Office","5","http://wwdc.state.wy.us/PMP/PMP.html","low","website","yes","individual export; full export","Not Applicable","pdf; shapefile; png","some","in data","no","descriptive; administrative","no","unknown","current only","hub",5,"wy",33.33,50,100,50,60,33.33,0,66.67,0,0,50,40,68.75,34.78,43.06
"p28","Wyoming State Water Plans","n18","Planning Program","WWDO","WWDO: Wyoming State Water Plans","Wyoming Water Development Office","5","http://waterplan.state.wy.us/","low","catalog; website","yes","copy and paste; individual export; link to source","Direct","html; pdf","yes","pdf","no","administrative; descriptive","no","irregular","current only","hub",5,"wy",33.33,75,100,26.6,100,33.33,0,66.67,0,25,50,50,54.12,47.83,49.53
"p31","Wyoming Water and Climate Hub","n17","Wyoming Water Development Office","WWDO","WWDO: Wyoming Water and Climate Hub","Wyoming Water Development Office","5","http://water.geospatialhub.org/","low","catalog","yes","individual export; ftp","Not Applicable","excel; kml; shapefile","some","html","yes","administrative; descriptive","yes","varies","varies","hub",5,"wy",33.33,100,100,60,100,100,100,66.67,100,25,25,60,75,69.57,69.44
"p32","Irrigation and Public Water System Surveys","n17","Wyoming Water Development Office","WWDO","WWDO: Irrigation and Public Water System Surveys","Wyoming Water Development Office","5","http://wwdc.state.wy.us/surveys/surveys.html","medium","website","yes","individual export; copy and paste","Not Applicable","pdf; html","yes","in data","yes","administrative; descriptive; structural","yes","varies","period of record","hub",5,"wy",66.67,50,100,30,100,33.33,100,100,100,25,100,60,56.25,78.26,70.83
"p33","Legislative Reports","n17","Wyoming Water Development Office","WWDO","WWDO: Legislative Reports","Wyoming Water Development Office","5","http://wwdc.state.wy.us/legreport/legreports.html","medium","website","yes","individual export","Not Applicable","pdf","no","no","yes","no","no","yearly or higher","limited record","hub",5,"wy",66.67,50,100,40,20,0,100,0,0,50,75,60,62.5,34.78,44.44
